file_name,face_visibility_r1,face_visibility_r2,face_visibility_r3,smile_positive_expression_r1,smile_positive_expression_r2,smile_positive_expression_r3,face_centering_r1,face_centering_r2,face_centering_r3,face_size_r1,face_size_r2,face_size_r3,head_movement_r1,head_movement_r2,head_movement_r3,audio_speaking_rhythm_r1,audio_speaking_rhythm_r2,audio_speaking_rhythm_r3
--Ymqszjv54.003_0604.jpg,0.49,0.41,0.30,1.00,0.94,0.88,0.79,0.94,0.79,0.54,0.38,0.61,0.75,0.70,0.65,0.39,0.34,0.18
-AmMDnVl4s8.003_0621.jpg,0.17,0.36,0.39,0.98,1.00,0.98,0.34,0.31,0.23,0.35,0.43,0.36,0.68,0.85,0.90,0.49,0.52,0.28
-c2HtptBFxY.002_0246.jpg,0.64,0.71,0.65,0.61,0.73,0.64,0.67,0.57,0.77,0.82,0.87,1.00,0.82,0.83,0.77,0.87,0.90,0.92
-c_tyGzShwk.004_0670.jpg,0.37,0.17,0.16,0.46,0.54,0.65,0.86,0.73,0.71,0.46,0.25,0.24,0.61,0.62,0.78,0.71,0.77,0.80
-Gl98Jn45Fs.000_0274.jpg,0.66,0.51,0.46,0.68,0.65,0.52,0.98,0.73,0.72,0.69,0.71,0.82,0.56,0.49,0.60,0.51,0.47,0.44
-IK--4uz5ZY.003_0482.jpg,0.75,0.68,0.91,0.52,0.58,0.46,0.56,0.74,0.72,0.47,0.41,0.32,0.41,0.53,0.35,0.90,0.96,0.79
-VTqcHNgH7M.003_0457.jpg,0.92,0.78,0.79,0.47,0.30,0.24,0.59,0.68,0.85,0.58,0.75,0.71,0.49,0.66,0.53,0.89,0.93,0.92
-zNyDPzId4E.001_0200.jpg,0.80,0.83,0.76,0.94,0.86,0.83,0.51,0.43,0.42,0.39,0.34,0.24,0.49,0.50,0.53,0.47,0.59,0.40
-zNyDPzId4E.003_0372.jpg,0.71,0.81,0.75,0.50,0.34,0.48,0.51,0.57,0.50,0.62,0.89,0.66,0.67,0.41,0.56,0.87,0.80,0.70
05l5bteT_qA.000_0529.jpg,0.33,0.42,0.43,0.92,0.83,0.78,0.57,0.51,0.41,0.71,0.76,0.63,0.55,0.54,0.47,0.87,0.93,0.90
0_xOGmydDN0.003_0214.jpg,0.53,0.73,0.62,0.47,0.65,0.56,0.66,0.70,0.83,0.51,0.52,0.53,1.00,0.91,0.77,0.78,0.64,0.79
0FVu7VKIg2s.000_0098.jpg,0.84,0.97,0.88,0.64,0.63,0.65,0.31,0.47,0.33,0.53,0.58,0.56,0.36,0.49,0.34,0.74,0.59,0.78
0G9vplL8ae8.003_0066.jpg,0.74,0.76,0.68,0.34,0.43,0.34,0.60,0.57,0.60,0.82,0.79,0.72,0.51,0.48,0.44,0.32,0.31,0.51
0gv5Z0qt2jc.000_0585.jpg,0.73,0.64,0.69,0.82,0.86,0.67,0.85,0.76,0.72,0.62,0.57,0.69,0.65,0.58,0.71,0.83,0.84,0.74
0gv5Z0qt2jc.001_0504.jpg,0.48,0.40,0.39,0.41,0.44,0.27,0.62,0.60,0.63,0.88,0.93,0.75,0.33,0.50,0.42,0.34,0.40,0.34
0gv5Z0qt2jc.005_0530.jpg,0.77,0.69,0.73,0.50,0.65,0.43,0.67,0.72,0.78,0.61,0.64,0.63,0.87,0.73,0.85,0.47,0.42,0.28
0tse0Fsy_rg.002_0351.jpg,0.46,0.62,0.45,0.60,0.44,0.51,0.62,0.69,0.72,0.74,0.70,0.78,0.65,0.58,0.77,0.33,0.24,0.27
0Wr69VD_oXI.004_0500.jpg,0.62,0.38,0.41,0.58,0.63,0.79,0.88,0.72,0.81,0.58,0.54,0.73,0.31,0.38,0.22,0.85,1.00,1.00
0zJcYnsh55g.003_0382.jpg,0.61,0.68,0.62,0.39,0.46,0.34,0.58,0.43,0.54,0.52,0.64,0.67,0.75,0.79,0.58,0.29,0.34,0.22
117jrwvl2Nc.000_0443.jpg,0.40,0.34,0.40,0.66,0.71,0.74,1.00,1.00,0.80,0.66,0.58,0.77,0.37,0.31,0.43,0.73,0.60,0.62
13kjwEtSyXc.000_0623.jpg,0.46,0.41,0.32,0.67,0.77,0.88,0.62,0.51,0.52,0.60,0.71,0.65,0.58,0.47,0.31,0.50,0.57,0.36
13kjwEtSyXc.002_0146.jpg,0.87,0.97,0.88,0.42,0.39,0.24,0.82,0.60,0.75,0.31,0.30,0.38,1.00,0.95,0.78,0.46,0.35,0.38
13XlKeC_p3U.001_0357.jpg,0.64,0.50,0.55,0.87,0.77,0.95,0.68,0.85,0.65,0.35,0.53,0.27,0.54,0.32,0.37,0.44,0.30,0.44
176vWywoq9E.000_0698.jpg,0.32,0.26,0.25,0.78,0.63,0.80,0.52,0.54,0.31,0.71,0.47,0.63,0.67,0.59,0.53,0.78,0.80,0.94
184MlJCcboQ.000_0637.jpg,0.49,0.68,0.55,0.65,0.79,0.78,0.90,0.96,0.71,0.67,0.45,0.71,0.46,0.53,0.59,0.47,0.59,0.51
1cqwKxx6GF8.004_0217.jpg,0.41,0.51,0.62,0.64,0.80,0.61,0.69,0.61,0.77,0.32,0.54,0.58,0.49,0.24,0.26,0.24,0.34,0.31
1eOvtoZCie8.004_0024.jpg,0.69,0.44,0.65,0.78,0.61,0.84,0.40,0.31,0.39,0.76,0.81,0.79,0.49,0.52,0.45,0.19,0.48,0.28
1Gn4GX8miWQ.005_0632.jpg,0.29,0.29,0.26,0.67,0.67,0.64,0.68,0.52,0.61,0.63,0.73,0.51,0.63,0.70,0.76,0.79,0.98,0.91
1hpZ2ecWqtI.003_0434.jpg,0.91,0.81,0.63,0.47,0.52,0.68,0.47,0.42,0.42,0.55,0.62,0.81,0.92,0.70,0.85,0.73,0.82,0.84
1izSTcQI7H4.004_0263.jpg,0.41,0.30,0.42,0.34,0.48,0.27,0.25,0.46,0.52,0.60,0.60,0.59,0.49,0.38,0.44,0.70,0.53,0.60
1jC4vsQsjwM.002_0471.jpg,0.79,0.73,0.73,0.60,0.70,0.67,0.45,0.49,0.35,0.65,0.67,0.48,0.42,0.44,0.66,0.49,0.40,0.44
1mHjMNZZvFo.000_0180.jpg,0.81,0.73,0.59,0.53,0.49,0.56,0.61,0.70,0.78,0.52,0.49,0.54,0.51,0.60,0.32,0.32,0.38,0.39
1mHjMNZZvFo.004_0688.jpg,0.33,0.29,0.26,0.58,0.44,0.44,0.57,0.51,0.38,0.71,0.73,0.67,0.81,1.00,0.99,0.83,1.00,1.00
1S0SxmfbOus.002_0558.jpg,0.72,0.92,0.78,1.00,1.00,0.86,0.74,0.82,0.60,0.37,0.35,0.22,0.97,0.92,1.00,0.87,0.99,0.88
1UaqZEUUk9I.002_0156.jpg,0.46,0.47,0.47,0.96,0.89,0.91,0.69,0.56,0.60,0.98,0.91,0.70,1.00,0.83,0.84,0.66,0.63,0.62
2AV8m02PjdU.000_0586.jpg,0.62,0.63,0.65,0.91,1.00,1.00,0.49,0.41,0.45,0.85,1.00,0.98,0.96,0.85,0.95,0.46,0.51,0.38
2bAsXLQjlt8.005_0107.jpg,0.52,0.54,0.63,0.75,0.68,0.66,0.64,0.73,0.62,0.57,0.65,0.55,0.35,0.32,0.32,0.74,0.47,0.71
2ceHmUmguzk.001_0118.jpg,0.58,0.73,0.76,0.47,0.44,0.23,0.81,0.87,0.97,0.43,0.48,0.43,0.86,0.73,0.62,0.41,0.55,0.55
2HE6cw3HFPk.001_0581.jpg,0.27,0.21,0.18,0.68,0.67,0.57,0.49,0.50,0.68,0.82,0.85,0.93,0.83,0.64,0.73,0.64,0.74,0.63
2kqPuht5jTg.002_0052.jpg,0.79,0.60,0.64,0.68,0.61,0.81,0.62,0.58,0.49,0.74,0.81,0.73,0.72,0.85,0.87,0.95,0.73,0.97
2mfmw63l88g.001_0139.jpg,0.56,0.58,0.54,0.87,0.85,0.77,0.97,1.00,0.85,0.75,0.68,0.89,0.32,0.44,0.37,0.74,0.61,0.73
2mgj9ncREyA.005_0296.jpg,0.15,0.24,0.43,0.42,0.62,0.43,0.99,0.82,0.81,0.68,0.60,0.67,0.26,0.48,0.49,0.44,0.55,0.43
2oiXF5_gTyk.001_0128.jpg,0.64,0.74,0.70,0.82,0.69,0.79,0.52,0.35,0.37,0.61,0.64,0.81,0.79,0.57,0.58,0.89,0.84,0.88
2P1FbMJLUAs.000_0514.jpg,0.25,0.28,0.33,0.82,1.00,1.00,0.98,0.86,0.79,0.87,1.00,1.00,0.73,0.97,0.99,0.92,0.82,0.82
2TbU3Eg2i4A.003_0467.jpg,0.68,0.92,0.91,0.71,0.90,0.82,0.23,0.20,0.34,0.79,0.80,0.91,0.94,0.86,0.88,0.71,0.71,0.80
2TMl5EMrdVI.005_0376.jpg,0.26,0.20,0.38,0.82,0.84,0.89,0.50,0.50,0.67,0.45,0.28,0.49,0.52,0.75,0.64,0.81,0.58,0.64
2WuhWF4fAOQ.003_0299.jpg,0.31,0.49,0.35,0.64,0.63,0.69,0.39,0.53,0.40,0.71,0.65,0.82,0.94,0.77,1.00,0.19,0.45,0.39
38fE5B4ghw0.000_0072.jpg,0.61,0.61,0.50,0.16,0.27,0.42,0.43,0.50,0.53,0.99,0.80,0.85,0.76,0.68,0.62,0.94,0.88,0.96
39o1zJFeM7E.003_0631.jpg,0.90,0.95,0.97,0.47,0.40,0.47,0.90,0.84,0.79,0.42,0.36,0.25,0.78,0.73,0.73,0.68,0.64,0.78
3df_Uk9EmwU.000_0483.jpg,0.58,0.60,0.49,0.32,0.37,0.45,0.95,0.95,0.89,0.98,0.83,0.86,0.50,0.67,0.45,0.37,0.62,0.39
3HA2W1s4oP8.000_0484.jpg,0.39,0.45,0.43,0.52,0.63,0.54,0.66,0.87,0.78,0.61,0.82,0.66,0.56,0.41,0.59,0.65,0.77,0.75
3HA2W1s4oP8.002_0600.jpg,0.74,0.72,0.66,0.81,0.64,0.80,0.95,0.86,0.98,0.55,0.31,0.54,1.00,0.76,0.81,0.68,0.88,0.64
3HA2W1s4oP8.003_0082.jpg,0.71,0.77,0.99,0.73,0.80,0.69,0.92,0.99,1.00,0.63,0.68,0.57,0.69,0.87,0.65,0.73,0.72,0.62
3hKgh9AB3tk.005_0402.jpg,0.50,0.64,0.57,0.44,0.59,0.65,0.66,0.60,0.59,0.57,0.48,0.59,1.00,1.00,1.00,0.68,0.78,0.92
3JAFkk42zPs.004_0313.jpg,0.69,0.73,0.77,0.94,1.00,0.80,0.58,0.76,0.59,0.76,0.98,0.84,0.38,0.60,0.35,1.00,0.86,0.89
3K16KyiAZHw.004_0049.jpg,0.82,0.85,0.77,0.81,0.86,0.93,0.30,0.39,0.16,0.92,0.95,0.83,0.76,0.70,0.78,0.27,0.33,0.31
3LAaFUSGvsU.001_0523.jpg,0.78,0.76,0.74,0.59,0.72,0.84,0.51,0.66,0.73,0.39,0.47,0.56,0.52,0.30,0.45,0.66,0.63,0.71
3LAaFUSGvsU.004_0168.jpg,0.42,0.26,0.51,0.78,0.86,0.92,0.85,0.89,0.71,0.32,0.48,0.30,0.62,0.70,0.73,0.33,0.33,0.32
3P_D_bd-_NM.000_0045.jpg,0.63,0.51,0.39,0.92,0.87,0.68,0.52,0.38,0.32,0.97,0.75,0.79,0.74,0.52,0.71,0.81,0.86,0.98
3Q3SB1dVAng.002_0176.jpg,0.28,0.55,0.43,0.44,0.33,0.30,0.39,0.31,0.30,0.60,0.50,0.39,0.44,0.40,0.53,0.56,0.63,0.56
3Sj-GZ3YXWs.000_0681.jpg,0.41,0.39,0.34,1.00,0.81,0.93,0.65,0.51,0.61,0.73,0.82,0.79,0.85,0.62,0.59,0.72,0.78,0.72
3tPq9fNOXZQ.003_0590.jpg,0.47,0.40,0.52,0.79,0.96,0.73,0.99,0.87,0.92,0.54,0.68,0.43,0.32,0.28,0.34,0.38,0.55,0.41
3Vr5-zedeWk.000_0005.jpg,0.91,0.87,0.80,0.52,0.55,0.68,0.55,0.57,0.58,1.00,0.87,0.99,0.88,0.82,0.82,0.73,0.76,0.80
3wgZrRMosvY.003_0517.jpg,0.35,0.36,0.47,0.49,0.38,0.41,0.87,1.00,0.95,0.67,0.75,0.60,0.60,0.58,0.50,0.77,0.92,0.86
3WmWJ1lNy-U.001_0100.jpg,0.96,0.95,1.00,0.87,0.76,0.91,0.62,0.71,0.45,0.27,0.53,0.28,0.33,0.48,0.39,0.77,0.98,0.81
3WoXkI06zGk.001_0209.jpg,0.65,0.53,0.73,0.35,0.45,0.50,0.32,0.33,0.24,0.42,0.46,0.37,0.66,0.53,0.67,0.50,0.30,0.29
3yU-7AXnFCM.003_0630.jpg,0.41,0.38,0.42,0.71,0.85,0.90,0.32,0.46,0.42,0.42,0.45,0.51,0.48,0.44,0.55,0.87,0.75,0.74
44rxmXiga90.002_0256.jpg,0.91,0.80,0.78,0.90,0.73,0.68,0.86,0.89,0.72,0.70,0.58,0.69,0.65,0.65,0.62,0.82,0.87,0.89
44rxmXiga90.003_0241.jpg,0.95,0.88,0.87,0.79,0.70,0.80,0.50,0.38,0.47,0.56,0.71,0.77,0.59,0.61,0.78,0.85,0.82,0.75
48S9_KZvzVw.005_0613.jpg,0.62,0.73,0.77,0.69,0.78,0.78,0.90,1.00,0.82,0.89,0.85,0.70,0.37,0.32,0.39,0.93,0.99,0.84
495hLlCEW64.003_0677.jpg,0.61,0.52,0.70,0.53,0.49,0.57,0.65,0.70,0.55,0.83,0.57,0.76,0.44,0.61,0.43,0.49,0.39,0.30
4ICb270oLpE.000_0266.jpg,0.37,0.27,0.31,0.62,0.62,0.56,0.22,0.50,0.25,0.35,0.44,0.39,0.36,0.26,0.19,0.54,0.61,0.48
4JjpfL4y3XM.000_0075.jpg,0.78,0.79,0.95,0.42,0.47,0.54,0.67,0.74,0.85,0.30,0.47,0.31,0.53,0.57,0.45,0.80,0.96,0.90
4JjpfL4y3XM.001_0235.jpg,0.72,0.66,0.55,0.64,0.56,0.73,0.49,0.69,0.64,0.53,0.52,0.44,0.77,0.81,0.91,0.69,0.64,0.80
4JYmE9a21aI.004_0242.jpg,0.71,0.78,0.86,0.51,0.39,0.37,0.41,0.48,0.20,0.82,0.75,0.84,0.47,0.51,0.62,0.39,0.55,0.49
4kIHxR6s1L4.001_0412.jpg,0.83,0.71,0.83,0.29,0.47,0.33,0.62,0.55,0.64,0.44,0.53,0.29,1.00,0.97,0.91,0.63,0.57,0.67
4lH5nLSwmoM.003_0424.jpg,0.80,0.66,0.86,0.61,0.57,0.53,0.48,0.35,0.37,0.46,0.48,0.42,0.54,0.77,0.65,0.64,0.70,0.85
4lj66h4CXI8.002_0610.jpg,0.45,0.55,0.50,0.51,0.27,0.51,0.88,1.00,0.95,0.91,0.69,0.92,0.88,0.88,0.86,0.41,0.38,0.22
4lyKh2_xCDQ.003_0259.jpg,0.49,0.39,0.43,0.78,1.00,0.95,0.87,1.00,0.93,0.49,0.47,0.52,0.90,0.95,0.75,0.68,0.80,0.77
4sCa35TOxgs.001_0575.jpg,0.71,0.72,0.76,0.39,0.35,0.35,0.62,0.68,0.65,0.54,0.51,0.72,0.42,0.48,0.40,0.95,0.95,0.73
4TpJ1FT2w6Y.003_0147.jpg,0.61,0.56,0.71,1.00,0.97,1.00,0.71,0.83,0.71,0.59,0.51,0.58,0.41,0.20,0.27,0.71,0.72,0.55
4TpJ1FT2w6Y.004_0193.jpg,0.70,0.79,0.60,0.72,0.80,0.68,0.45,0.44,0.41,0.76,0.95,0.95,0.29,0.41,0.20,0.37,0.48,0.29
57o4odfqTs8.001_0666.jpg,0.64,0.66,0.78,0.74,0.53,0.67,0.62,0.54,0.61,0.62,0.68,0.69,0.35,0.53,0.48,0.44,0.44,0.41
59Smv7wl--w.005_0355.jpg,0.51,0.41,0.50,0.26,0.33,0.27,1.00,0.90,0.84,0.66,0.61,0.79,0.86,0.85,0.76,0.72,0.73,0.64
5KHOpRCxnwQ.005_0489.jpg,0.42,0.34,0.26,0.47,0.45,0.33,0.30,0.33,0.39,0.55,0.46,0.43,0.82,1.00,1.00,0.48,0.21,0.41
5T2PhH-OMds.000_0213.jpg,0.95,0.88,0.87,0.94,0.75,0.97,0.50,0.52,0.26,0.60,0.71,0.72,0.77,0.74,0.85,1.00,1.00,0.99
5uFZ-2kYGO0.000_0192.jpg,0.92,0.97,0.95,0.62,0.43,0.44,0.59,0.44,0.69,0.47,0.45,0.60,0.86,1.00,0.94,0.35,0.30,0.42
6CRet5sD6xI.003_0272.jpg,0.32,0.32,0.33,0.85,0.86,0.93,0.91,0.81,0.72,0.23,0.33,0.46,0.97,0.84,0.81,0.83,0.66,0.69
6JfSPPVUgIg.005_0476.jpg,0.80,0.74,0.75,0.77,0.70,0.76,0.79,0.92,0.97,0.28,0.30,0.53,0.35,0.24,0.26,0.79,0.66,0.68
6KKNrufnL80.000_0676.jpg,0.68,0.50,0.64,1.00,0.97,0.96,0.54,0.56,0.43,0.73,0.54,0.68,0.56,0.60,0.47,0.83,0.82,0.81
6N02tjYPLh8.000_0415.jpg,0.45,0.45,0.48,0.75,0.76,0.53,0.65,0.70,0.82,0.79,0.65,0.82,0.47,0.28,0.36,0.35,0.24,0.47
6oL9yyc9iJc.001_0426.jpg,0.43,0.48,0.50,0.70,0.63,0.75,0.53,0.53,0.63,0.53,0.71,0.55,0.68,0.79,0.83,0.63,0.47,0.63
6TkMavTyimI.001_0093.jpg,0.97,0.96,0.88,0.31,0.36,0.37,0.58,0.74,0.72,0.39,0.33,0.40,0.56,0.45,0.72,0.73,0.68,0.68
6WSr4IW6cNI.000_0528.jpg,0.18,0.29,0.25,0.82,0.94,0.68,0.35,0.27,0.52,0.60,0.56,0.67,0.46,0.42,0.57,0.65,0.73,0.68
6WSr4IW6cNI.003_0322.jpg,0.96,0.89,0.75,0.38,0.32,0.31,0.30,0.35,0.44,1.00,0.84,0.98,0.39,0.43,0.47,0.70,0.84,0.82
6xlHkQDHxbs.000_0068.jpg,0.85,0.88,0.79,0.52,0.49,0.32,0.88,0.91,0.90,0.94,0.83,0.75,0.58,0.50,0.47,0.32,0.48,0.42
6zm71IHOCZA.000_0391.jpg,0.57,0.51,0.56,0.23,0.49,0.25,0.44,0.19,0.17,0.93,0.94,0.75,0.42,0.38,0.33,0.43,0.42,0.47
70FJFG-MISQ.004_0184.jpg,0.86,0.78,0.92,0.43,0.51,0.53,0.94,0.81,0.82,0.33,0.57,0.32,0.74,0.51,0.55,0.68,0.66,0.56
75XbCb7G8kw.002_0660.jpg,0.33,0.46,0.44,0.50,0.56,0.67,0.98,0.98,0.95,0.41,0.45,0.38,0.40,0.39,0.20,0.72,0.76,0.65
7GRC7XjGzX8.001_0300.jpg,0.82,0.82,0.84,0.51,0.61,0.39,0.65,0.86,0.69,0.61,0.66,0.68,0.42,0.24,0.47,0.69,0.66,0.73
7GRC7XjGzX8.003_0633.jpg,0.41,0.31,0.42,0.57,0.40,0.36,0.81,0.80,0.76,0.63,0.83,0.68,0.67,0.70,0.52,0.80,0.92,1.00
7LHmNEH65Pk.000_0188.jpg,0.65,0.72,0.62,0.39,0.48,0.37,0.77,0.57,0.67,1.00,1.00,0.98,0.90,0.72,0.67,0.59,0.60,0.69
7nhJXn9PI0I.004_0353.jpg,0.94,0.72,0.91,0.57,0.70,0.68,0.71,0.76,0.48,0.84,0.58,0.73,0.75,0.76,0.65,0.73,0.72,0.72
7rZF73nDGEY.003_0663.jpg,0.75,0.83,0.82,0.60,0.60,0.56,0.51,0.41,0.51,0.64,0.48,0.39,0.98,1.00,0.98,0.47,0.58,0.44
7tlMys6MZ34.001_0125.jpg,0.57,0.66,0.56,0.36,0.44,0.35,0.34,0.42,0.60,0.90,0.74,0.67,0.40,0.46,0.49,0.64,0.66,0.60
7UQt8QB3cQY.002_0386.jpg,0.84,0.96,0.88,0.70,0.48,0.72,0.49,0.70,0.56,0.89,0.92,0.78,0.81,0.88,0.97,0.45,0.45,0.44
7Y4cUPFEt-4.005_0133.jpg,0.81,0.82,0.79,0.82,0.87,0.83,0.67,0.70,0.83,0.29,0.27,0.25,0.50,0.39,0.44,0.40,0.37,0.42
8-OKP1nf19E.000_0607.jpg,0.73,0.52,0.73,0.43,0.46,0.43,0.69,0.66,0.65,0.23,0.36,0.27,0.75,0.74,0.78,0.35,0.49,0.48
8aLr0vNobr4.001_0373.jpg,0.67,0.89,0.74,0.30,0.21,0.21,0.40,0.48,0.30,0.37,0.35,0.36,0.48,0.54,0.40,0.65,0.44,0.68
8AnIttmflwI.002_0441.jpg,0.50,0.38,0.43,0.63,0.52,0.73,0.55,0.62,0.60,0.57,0.52,0.39,0.63,0.84,0.87,0.81,0.75,0.75
8dVcA5J1Dcw.000_0232.jpg,0.25,0.25,0.46,0.96,0.78,1.00,0.63,0.63,0.85,0.84,0.58,0.77,0.97,0.88,1.00,0.25,0.17,0.16
8HqEniErmmE.000_0210.jpg,0.68,0.55,0.46,0.36,0.40,0.62,0.80,0.81,0.63,1.00,0.85,1.00,0.51,0.64,0.47,0.50,0.47,0.44
8hW6WfYBP18.005_0040.jpg,0.17,0.42,0.23,0.47,0.30,0.38,0.64,0.66,0.81,0.95,0.80,0.77,0.52,0.37,0.38,0.95,0.94,0.93
8lg8A_zFOmg.000_0198.jpg,0.52,0.71,0.49,0.75,0.69,0.62,0.72,0.87,0.66,0.99,0.81,1.00,0.43,0.41,0.51,0.67,0.75,0.53
8mZZlnbmOYE.004_0285.jpg,0.92,1.00,1.00,0.63,0.53,0.60,0.79,0.73,0.67,0.40,0.35,0.39,0.87,0.78,0.99,1.00,1.00,0.86
8yFYvQ_kxW8.000_0659.jpg,0.85,0.71,0.87,0.91,0.89,0.80,0.51,0.62,0.59,0.46,0.43,0.58,0.70,0.56,0.51,0.65,0.56,0.66
8z-WF2UNRb8.002_0178.jpg,0.93,0.96,0.87,0.64,0.55,0.63,0.70,0.65,0.58,0.82,0.83,0.78,0.77,0.68,0.76,0.27,0.46,0.39
90p68AEmNMA.000_0406.jpg,0.25,0.30,0.33,0.59,0.48,0.52,0.43,0.48,0.49,0.58,0.64,0.76,0.38,0.58,0.53,0.55,0.63,0.52
9_6auSk_wkY.000_0320.jpg,0.82,0.76,0.75,0.55,0.83,0.55,0.30,0.58,0.52,0.39,0.46,0.57,0.41,0.46,0.20,0.73,0.98,0.86
9AsxY-x-TjM.000_0594.jpg,0.32,0.37,0.32,0.68,0.60,0.59,0.76,0.97,0.99,0.92,0.67,0.81,0.36,0.49,0.41,1.00,1.00,0.98
9CPKW0sqR3E.000_0144.jpg,0.82,0.84,0.67,1.00,0.96,0.82,0.54,0.54,0.54,0.39,0.46,0.64,0.69,0.60,0.66,0.37,0.39,0.38
9Crw2RtrBcY.002_0345.jpg,0.71,0.75,0.80,0.82,0.75,0.83,0.43,0.45,0.42,0.31,0.37,0.28,0.60,0.34,0.41,0.55,0.37,0.34
9Crw2RtrBcY.003_0329.jpg,0.58,0.52,0.50,0.69,0.56,0.60,0.42,0.51,0.33,0.65,0.69,0.75,0.50,0.47,0.47,0.52,0.56,0.38
9hqH1PJ6cG8.001_0078.jpg,0.92,0.83,1.00,0.85,0.90,0.89,0.45,0.42,0.65,0.17,0.46,0.30,0.51,0.60,0.48,0.51,0.53,0.64
9J-KIPMQmqk.005_0358.jpg,1.00,0.83,0.99,0.95,0.86,1.00,0.58,0.37,0.31,0.72,0.59,0.77,0.53,0.42,0.36,0.37,0.42,0.39
9o10YrQykMk.003_0056.jpg,0.84,0.73,0.69,0.57,0.63,0.52,0.79,0.83,0.66,0.84,0.90,0.94,0.39,0.36,0.34,0.88,0.88,0.92
9pGJyf1MXLY.002_0524.jpg,0.78,0.98,1.00,0.72,0.86,0.94,0.90,0.82,0.83,0.92,1.00,0.80,1.00,0.73,0.86,0.84,1.00,0.81
9RfE2-aTvaM.001_0253.jpg,0.57,0.47,0.48,0.47,0.45,0.46,0.46,0.66,0.52,0.63,0.73,0.85,1.00,1.00,0.84,0.80,0.63,0.79
9xJ0rFCU-OM.004_0572.jpg,0.44,0.45,0.49,0.70,0.69,0.61,0.62,0.51,0.61,0.59,0.67,0.63,0.88,1.00,0.82,0.42,0.38,0.58
9yZEb6bdxNY.004_0491.jpg,0.73,0.63,0.74,0.54,0.57,0.57,0.68,0.74,0.74,0.21,0.32,0.32,1.00,0.91,0.90,0.50,0.58,0.41
9ZMIYSBYIh8.000_0154.jpg,0.42,0.30,0.36,0.28,0.49,0.32,0.99,0.99,0.92,0.85,0.83,0.92,0.66,0.64,0.64,0.60,0.38,0.35
_7hGh6VU4IU.005_0206.jpg,0.74,0.65,0.68,0.48,0.45,0.45,0.31,0.46,0.38,0.25,0.34,0.45,0.92,0.84,0.81,0.69,0.65,0.75
_7s27dUoYVg.000_0455.jpg,0.68,0.74,0.64,0.99,0.90,1.00,0.74,0.99,0.99,0.56,0.41,0.44,0.48,0.34,0.35,0.83,0.82,0.75
_fFmEyvWgfA.004_0453.jpg,0.92,0.78,0.79,0.82,0.80,0.88,0.98,0.79,1.00,0.82,0.82,0.93,0.23,0.35,0.48,0.97,0.84,1.00
_G3kw9HwCqY.002_0230.jpg,0.37,0.62,0.49,0.45,0.23,0.33,0.54,0.76,0.78,0.68,0.81,0.66,0.45,0.22,0.31,0.97,0.88,1.00
_IS6GFmQYj4.003_0131.jpg,0.61,0.69,0.71,0.17,0.29,0.19,0.76,0.76,0.60,0.33,0.43,0.29,0.23,0.37,0.36,0.61,0.52,0.50
_mtiuHyOFXg.001_0697.jpg,0.38,0.28,0.51,0.89,0.85,0.76,0.28,0.17,0.45,0.75,0.49,0.62,0.70,0.73,0.57,0.59,0.41,0.59
_RAGzfJnpUE.003_0551.jpg,0.87,0.81,0.92,0.76,0.86,0.66,0.51,0.54,0.65,0.64,0.84,0.63,0.48,0.47,0.46,0.53,0.53,0.56
_tOtBfJlWFs.000_0043.jpg,0.20,0.38,0.21,0.71,0.85,0.75,0.44,0.44,0.44,0.71,0.82,0.90,0.64,0.81,0.77,0.75,0.83,0.72
_YYBXI2mXv4.000_0324.jpg,0.48,0.31,0.54,0.61,0.73,0.69,0.72,0.48,0.44,0.54,0.56,0.35,0.94,0.85,0.88,0.28,0.19,0.39
_ZAqTHlu2ts.004_0264.jpg,0.73,0.90,0.80,0.76,0.83,0.73,0.56,0.61,0.58,0.33,0.32,0.36,0.49,0.63,0.67,0.58,0.44,0.66
_ztmNiy8D3c.003_0073.jpg,0.66,0.62,0.70,0.52,0.35,0.45,0.67,0.95,0.75,0.77,0.67,0.79,0.34,0.50,0.43,0.66,0.70,0.67
A0braVJH3Pw.004_0273.jpg,0.41,0.36,0.42,0.81,0.66,0.68,0.52,0.43,0.35,0.60,0.64,0.71,0.54,0.46,0.64,0.72,0.72,0.88
a4bCX4P_5KI.000_0645.jpg,0.41,0.49,0.35,0.34,0.28,0.36,0.49,0.42,0.36,0.91,0.85,0.91,0.88,0.80,0.81,0.89,0.66,0.63
A4zSLp-1gps.000_0195.jpg,0.82,0.74,0.83,0.35,0.43,0.30,0.80,0.66,0.87,0.91,0.96,0.94,0.56,0.59,0.54,1.00,0.85,1.00
a5tVPpLsaGc.003_0407.jpg,0.59,0.56,0.57,0.67,0.47,0.51,0.42,0.50,0.44,0.62,0.71,0.63,0.90,0.88,0.89,0.85,0.96,0.89
a97PXgrKSxo.005_0119.jpg,0.53,0.54,0.47,0.53,0.47,0.46,0.91,0.76,0.76,0.51,0.37,0.51,0.93,0.90,0.84,0.40,0.31,0.34
Ahiq4zhmYco.002_0354.jpg,0.31,0.42,0.58,0.86,0.79,0.94,0.66,0.58,0.70,0.79,0.83,0.80,0.84,0.76,0.91,0.81,0.91,1.00
AJIphVRpYrg.005_0063.jpg,0.57,0.49,0.70,0.61,0.70,0.63,0.62,0.62,0.50,0.28,0.29,0.30,0.75,0.57,0.64,0.81,0.85,0.68
aKLadP_Wev8.000_0170.jpg,0.55,0.63,0.66,0.51,0.59,0.54,0.66,0.52,0.53,0.44,0.41,0.55,0.76,0.77,0.71,0.97,0.76,0.99
aMmEPRJGocM.000_0608.jpg,0.78,0.67,0.65,0.51,0.42,0.52,0.58,0.52,0.56,0.31,0.18,0.21,0.37,0.50,0.54,0.46,0.31,0.25
ana5C73n9bY.002_0573.jpg,0.68,0.95,0.74,0.76,0.75,0.91,0.42,0.44,0.38,0.70,0.98,0.73,0.64,0.63,0.60,0.91,0.94,0.83
ana5C73n9bY.004_0541.jpg,0.67,0.54,0.59,0.88,1.00,1.00,0.65,0.64,0.61,0.63,0.52,0.56,0.60,0.39,0.50,0.40,0.43,0.40
ApPnsnIZozw.004_0380.jpg,0.20,0.38,0.39,0.90,0.73,0.77,0.34,0.44,0.53,0.54,0.65,0.67,0.99,0.99,0.82,0.47,0.37,0.30
aqd4_4ga1fQ.000_0624.jpg,0.22,0.35,0.39,0.87,0.84,0.82,0.58,0.52,0.40,0.70,0.66,0.59,0.64,0.67,0.62,0.77,0.77,0.83
ArMkA9R1QxY.000_0437.jpg,1.00,0.75,0.77,0.40,0.33,0.19,0.47,0.47,0.50,0.66,0.73,0.76,0.57,0.62,0.57,0.42,0.50,0.23
atdhaGEh_0c.000_0492.jpg,0.38,0.46,0.47,0.78,0.80,0.89,0.83,0.72,0.75,0.64,0.78,0.72,0.31,0.49,0.44,0.74,0.57,0.75
AVLEr0sYFhs.000_0687.jpg,0.95,0.86,0.87,0.58,0.41,0.40,0.67,0.87,0.73,0.75,0.64,0.73,0.62,0.73,0.71,0.80,0.83,0.89
AvuWv3LLmrA.003_0553.jpg,0.41,0.54,0.46,0.33,0.45,0.44,0.44,0.59,0.52,0.85,1.00,0.93,0.55,0.49,0.53,0.80,0.93,0.94
AZj2VoCcayA.005_0312.jpg,0.89,0.74,0.84,0.36,0.21,0.35,0.59,0.50,0.58,0.67,0.45,0.43,0.78,0.78,0.83,0.51,0.54,0.62
b39BQbVhOAg.004_0394.jpg,0.88,0.69,0.83,0.56,0.44,0.50,0.81,0.69,0.72,0.53,0.73,0.71,0.78,0.69,0.74,0.70,0.71,0.79
B9NSU6gQdRw.005_0680.jpg,0.45,0.47,0.32,0.67,0.59,0.54,1.00,0.86,0.98,0.47,0.33,0.50,0.90,0.76,0.91,0.49,0.32,0.46
BBSB9OJdb0Q.001_0413.jpg,0.79,0.88,0.65,0.27,0.34,0.18,0.68,0.52,0.62,0.68,0.85,0.89,0.69,0.69,0.72,0.66,0.74,0.58
be0DQawtVkE.001_0389.jpg,0.76,0.65,0.76,0.78,0.68,0.68,0.42,0.43,0.38,0.24,0.51,0.33,0.43,0.23,0.37,0.86,0.92,1.00
Bije9nsMl7M.005_0215.jpg,0.39,0.44,0.54,0.50,0.45,0.37,0.91,0.80,0.80,0.51,0.39,0.57,0.42,0.47,0.19,0.55,0.61,0.83
bkzgccBFztM.001_0021.jpg,0.89,0.89,1.00,0.68,0.68,0.75,0.76,0.58,0.64,0.28,0.30,0.22,0.66,0.73,0.64,0.63,0.76,0.59
BLeDNfK2quI.000_0103.jpg,0.67,0.75,0.64,0.46,0.27,0.45,0.36,0.42,0.49,0.68,0.73,0.47,0.71,0.76,0.73,0.34,0.26,0.31
BLeDNfK2quI.002_0127.jpg,0.54,0.71,0.63,0.76,0.65,0.74,0.42,0.58,0.52,0.60,0.55,0.75,0.30,0.38,0.48,0.32,0.47,0.57
bLrrDM1Opu0.003_0318.jpg,0.34,0.28,0.40,0.63,0.70,0.59,0.73,0.68,0.54,0.72,0.70,0.80,0.95,0.93,0.95,0.81,0.60,0.78
BmDClgdWlH4.004_0029.jpg,0.58,0.61,0.66,0.88,0.77,0.84,0.78,0.82,0.60,0.58,0.64,0.53,0.44,0.53,0.54,0.36,0.40,0.34
bMY2DaFFwzU.004_0316.jpg,0.83,0.99,0.89,0.74,0.76,0.80,0.40,0.39,0.52,0.93,0.82,0.92,0.62,0.44,0.42,0.39,0.37,0.36
bnoPmV0_aIc.000_0448.jpg,0.65,0.77,0.66,0.38,0.35,0.32,0.63,0.64,0.59,0.87,0.87,0.86,0.34,0.35,0.53,0.76,0.89,0.76
BOOMkDl8JwA.005_0511.jpg,0.69,0.72,0.65,0.66,0.61,0.46,0.38,0.52,0.55,0.33,0.30,0.44,0.90,0.89,0.86,0.36,0.49,0.47
bRoIrXBO9DU.000_0301.jpg,0.48,0.51,0.44,0.56,0.36,0.50,0.51,0.60,0.58,0.40,0.51,0.41,0.86,0.93,0.87,0.67,0.54,0.76
BS0wgLXqFgc.003_0077.jpg,0.70,0.64,0.71,0.60,0.73,0.76,0.44,0.38,0.54,0.63,0.90,0.86,0.90,0.92,0.88,0.76,0.79,0.67
bt-ev53zZWE.004_0634.jpg,0.73,0.47,0.73,0.91,0.79,0.85,0.67,0.71,0.60,0.53,0.48,0.40,0.67,0.66,0.63,0.73,0.83,0.58
Bt5zyk-Xf9Q.000_0392.jpg,0.70,0.94,0.69,1.00,0.87,1.00,0.55,0.45,0.59,0.40,0.19,0.33,1.00,0.92,0.93,0.89,0.89,0.87
btcCanysQsw.000_0559.jpg,0.93,0.89,0.80,0.78,0.69,0.76,0.91,0.69,0.80,0.46,0.28,0.46,0.92,0.80,0.82,0.60,0.64,0.53
btcCanysQsw.001_0291.jpg,0.71,0.64,0.50,0.30,0.22,0.18,0.77,0.79,0.83,0.65,0.52,0.68,0.27,0.43,0.47,0.65,0.78,0.78
bTLTLzXehPE.003_0539.jpg,0.53,0.67,0.68,0.28,0.28,0.46,0.59,0.49,0.51,0.33,0.30,0.28,0.92,0.98,0.99,0.57,0.55,0.77
bYXRyimxh7A.000_0207.jpg,0.48,0.71,0.70,0.87,0.82,0.92,0.37,0.26,0.26,0.80,0.72,0.60,0.63,0.75,0.63,0.82,0.83,0.90
bYXRyimxh7A.004_0083.jpg,0.95,0.79,0.90,0.28,0.47,0.32,0.85,0.82,1.00,0.95,0.99,0.82,0.45,0.45,0.36,0.29,0.29,0.35
bzaOB8BoWPU.000_0027.jpg,0.90,0.78,0.77,0.81,0.75,0.79,0.58,0.79,0.72,0.71,0.65,0.71,0.67,0.89,0.82,0.59,0.57,0.63
C0UMWrEJ2x0.005_0208.jpg,0.53,0.45,0.27,0.47,0.47,0.42,0.62,0.59,0.71,0.65,0.63,0.77,0.94,0.69,0.79,0.69,0.95,0.78
c4YxfATgYkw.002_0095.jpg,0.53,0.46,0.52,0.47,0.54,0.56,0.46,0.36,0.38,1.00,1.00,1.00,0.37,0.36,0.46,0.67,0.58,0.72
c7tczvW3_dQ.000_0304.jpg,0.39,0.30,0.31,0.76,0.58,0.65,0.88,0.84,0.98,0.31,0.26,0.23,0.80,0.91,0.88,0.54,0.52,0.35
C_NtwmmF2Ys.003_0422.jpg,0.70,0.61,0.60,0.46,0.42,0.45,0.59,0.64,0.59,0.45,0.49,0.37,0.37,0.48,0.25,0.21,0.23,0.45
CbNAOLHByZQ.004_0506.jpg,0.66,0.66,0.55,0.97,0.86,0.70,0.85,0.69,0.71,0.58,0.53,0.65,0.91,0.88,0.82,0.79,0.68,0.70
CCe1J5grs8U.005_0626.jpg,0.43,0.66,0.68,0.99,0.96,0.99,0.30,0.33,0.34,0.84,0.76,0.84,0.45,0.22,0.31,0.98,1.00,1.00
Cdh_OCMZ4U8.000_0673.jpg,0.43,0.49,0.49,0.87,0.73,0.90,0.48,0.45,0.27,0.82,0.68,0.84,0.44,0.49,0.54,0.84,0.61,0.78
CFK8ib0aWe8.000_0310.jpg,0.37,0.44,0.53,0.40,0.52,0.35,0.40,0.33,0.29,0.92,0.65,0.65,0.60,0.81,0.87,0.45,0.54,0.68
cgT-3CHBmKs.005_0577.jpg,0.94,0.97,0.83,0.43,0.49,0.62,0.79,0.83,0.91,0.33,0.38,0.50,0.72,0.70,0.86,0.56,0.39,0.38
Cl7vQ9QR0es.000_0145.jpg,0.71,0.67,0.68,0.35,0.37,0.31,0.68,0.79,0.70,0.94,0.97,0.86,0.29,0.32,0.39,0.98,0.94,0.75
cNXnowQb7rs.004_0181.jpg,0.65,0.47,0.40,0.62,0.59,0.86,0.70,0.63,0.53,0.32,0.39,0.23,0.81,0.87,0.93,0.68,0.48,0.50
cOirMOCpdo8.003_0323.jpg,0.82,0.78,0.73,0.59,0.73,0.70,0.59,0.63,0.65,0.62,0.68,0.50,0.43,0.20,0.40,0.27,0.35,0.45
cP_dSXql7z8.002_0123.jpg,0.97,1.00,1.00,0.87,1.00,1.00,0.75,0.65,0.75,0.59,0.44,0.56,0.77,0.96,0.78,0.27,0.47,0.49
cpzY1b6wJqs.002_0679.jpg,0.88,0.69,0.76,0.86,0.72,0.86,0.52,0.54,0.43,0.49,0.57,0.43,0.37,0.38,0.35,0.71,0.74,0.69
cQRFb-xa4Vc.005_0013.jpg,0.42,0.55,0.36,0.35,0.59,0.44,0.80,0.91,0.79,0.90,0.92,0.91,0.39,0.57,0.44,0.53,0.66,0.55
CRLsCyMfskE.001_0667.jpg,0.66,0.70,0.90,0.53,0.24,0.35,0.97,0.75,0.98,0.73,0.51,0.58,0.43,0.47,0.37,0.81,0.76,0.76
CuGuiOZ48Ig.001_0603.jpg,0.62,0.45,0.63,0.53,0.62,0.43,0.92,0.83,0.88,0.64,0.60,0.49,0.49,0.36,0.49,0.23,0.42,0.42
CV930dFsubs.002_0618.jpg,0.56,0.42,0.54,0.87,0.74,0.71,0.28,0.55,0.38,0.34,0.30,0.45,0.83,0.80,1.00,0.54,0.68,0.76
cvg03XGFjCk.004_0490.jpg,0.36,0.32,0.40,0.86,0.88,0.64,0.61,0.57,0.62,0.46,0.64,0.52,0.84,0.73,0.89,0.74,0.78,0.74
cvHqtadNJDo.004_0411.jpg,0.49,0.60,0.51,0.63,0.75,0.68,0.43,0.38,0.56,0.71,0.85,0.87,0.82,0.72,0.66,0.86,0.81,0.94
Cvuu76B-bxA.001_0546.jpg,0.65,0.64,0.63,0.45,0.37,0.44,0.71,0.77,0.85,0.55,0.62,0.53,0.53,0.63,0.58,0.58,0.58,0.59
cWZudzeJVXg.000_0557.jpg,0.63,0.53,0.33,0.20,0.36,0.21,1.00,0.75,1.00,0.27,0.31,0.27,0.67,0.66,0.92,0.44,0.30,0.44
cWZudzeJVXg.002_0137.jpg,0.69,0.65,0.45,0.72,0.55,0.71,0.58,0.67,0.73,0.53,0.52,0.59,0.92,0.77,0.74,0.86,0.77,0.93
cxJ0u6r0-pU.002_0106.jpg,0.53,0.56,0.73,0.73,0.81,0.93,0.82,0.71,0.87,0.83,0.82,0.85,0.52,0.64,0.51,0.73,0.70,0.59
D3AomvNhR1k.003_0282.jpg,0.80,0.98,0.84,0.86,0.71,0.85,0.71,0.87,0.98,0.90,0.87,0.97,0.73,0.83,0.69,0.31,0.37,0.36
d9_YDJdF-7I.000_0238.jpg,0.86,0.66,0.82,0.49,0.31,0.34,0.40,0.42,0.67,0.76,0.80,0.87,0.78,0.79,0.64,0.85,0.87,0.93
DChmTb-c9uM.005_0549.jpg,0.39,0.60,0.49,0.45,0.39,0.36,0.88,0.78,0.90,0.68,0.70,0.79,0.46,0.67,0.63,0.44,0.43,0.19
dDi6vy-OZRg.003_0365.jpg,0.56,0.73,0.77,0.73,0.51,0.60,0.63,0.80,0.58,0.72,0.78,0.71,0.73,0.73,0.94,0.42,0.55,0.65
Dgo98-sCd1w.002_0094.jpg,0.34,0.47,0.43,0.50,0.44,0.32,0.64,0.88,0.77,0.84,0.70,0.92,0.36,0.32,0.44,0.92,0.68,0.69
dJlEHhyij5k.000_0218.jpg,0.81,0.78,0.83,0.76,0.94,1.00,0.58,0.56,0.64,0.60,0.59,0.44,0.53,0.38,0.59,0.39,0.31,0.49
dkhnv1EBvKI.001_0515.jpg,0.81,1.00,0.86,0.38,0.32,0.52,0.63,0.66,0.80,0.47,0.37,0.42,0.67,0.67,0.93,0.43,0.29,0.21
dLaqub4BEsA.002_0231.jpg,0.81,0.72,0.64,0.88,0.88,0.75,0.46,0.31,0.36,1.00,0.97,0.95,0.42,0.25,0.53,0.99,0.79,1.00
DLuwObrDhtc.001_0325.jpg,0.81,0.71,0.77,0.59,0.50,0.34,0.81,0.64,0.82,0.95,0.87,0.83,0.58,0.55,0.64,0.86,0.80,0.76
dmycfNpiWCE.002_0339.jpg,0.60,0.60,0.45,0.82,0.66,0.64,0.62,0.87,0.77,0.56,0.55,0.71,0.72,0.63,0.71,0.82,0.75,0.78
dQOeQYWIgm8.000_0309.jpg,0.71,0.63,0.65,0.90,0.95,0.84,0.72,0.81,0.77,0.76,0.89,0.76,0.67,0.48,0.47,0.45,0.39,0.50
dQOeQYWIgm8.004_0110.jpg,0.89,0.86,1.00,0.47,0.61,0.50,0.43,0.65,0.41,0.69,0.61,0.73,0.70,0.89,0.83,0.55,0.38,0.40
dRr2JtdzUpU.005_0545.jpg,0.92,0.98,0.98,0.73,0.84,0.86,0.34,0.33,0.29,0.35,0.56,0.45,0.58,0.48,0.56,0.19,0.33,0.43
dRYEzqUa_Rc.000_0175.jpg,0.62,0.70,0.90,0.44,0.45,0.46,0.39,0.55,0.45,0.55,0.55,0.57,0.65,0.77,0.92,0.32,0.31,0.38
DTZeyoKUPx4.000_0211.jpg,0.55,0.70,0.48,0.57,0.57,0.57,0.73,0.51,0.54,0.40,0.62,0.49,1.00,0.78,1.00,0.70,0.49,0.68
DTZeyoKUPx4.004_0589.jpg,1.00,0.76,0.83,0.59,0.58,0.63,0.86,0.87,0.91,0.73,0.52,0.76,0.39,0.32,0.26,0.68,0.70,0.70
dVbo9Ftlyl0.004_0542.jpg,0.53,0.46,0.35,0.22,0.30,0.17,0.42,0.46,0.58,0.88,0.90,0.83,0.87,0.87,0.90,0.69,0.44,0.70
dvCKoyBG1pE.002_0201.jpg,0.84,0.81,0.68,0.45,0.58,0.48,0.86,0.81,0.77,0.72,0.69,0.95,0.67,0.75,0.48,0.66,0.46,0.42
DzqJmiQjsZ4.005_0543.jpg,0.84,0.73,0.85,0.31,0.60,0.40,0.74,0.64,0.78,0.35,0.47,0.63,0.61,0.56,0.67,0.45,0.34,0.33
e2pnS_nT9rA.001_0275.jpg,0.79,0.98,0.89,0.78,0.86,0.67,0.42,0.64,0.40,0.90,0.73,0.63,0.54,0.52,0.56,0.38,0.36,0.47
EcOC7ZVRSg4.002_0522.jpg,0.99,1.00,0.75,0.30,0.38,0.55,0.79,0.71,0.65,0.83,0.80,0.75,0.77,0.57,0.52,0.95,1.00,0.94
EcOC7ZVRSg4.003_0197.jpg,0.75,0.77,0.85,0.90,0.71,0.84,0.39,0.29,0.33,0.40,0.48,0.42,0.34,0.38,0.31,0.35,0.41,0.33
eD4b8sM-Tpw.004_0398.jpg,0.95,0.76,0.72,0.32,0.26,0.41,0.87,0.89,0.82,1.00,0.82,0.88,0.43,0.39,0.39,0.52,0.68,0.56
EffEoI1l1zE.000_0598.jpg,0.28,0.37,0.22,0.75,0.93,0.85,0.44,0.36,0.24,0.68,0.45,0.50,0.66,0.63,0.60,0.51,0.61,0.43
EffEoI1l1zE.001_0393.jpg,0.65,0.55,0.65,0.50,0.26,0.40,0.78,0.82,0.76,0.52,0.55,0.60,0.67,0.79,0.80,0.91,0.78,0.74
EiXQ9RErt6c.005_0297.jpg,0.55,0.38,0.49,0.56,0.42,0.57,0.50,0.72,0.43,1.00,1.00,0.98,0.78,0.81,0.69,0.57,0.54,0.56
EjhDyc8Oc6k.003_0262.jpg,0.39,0.56,0.48,0.67,0.70,0.64,1.00,0.81,1.00,0.54,0.35,0.50,0.93,0.81,0.79,0.44,0.26,0.30
EknEAPhAjdA.002_0452.jpg,0.81,0.96,0.74,0.68,0.86,0.61,0.89,0.99,0.96,0.73,0.79,0.96,0.77,0.60,0.80,0.48,0.24,0.27
emHDoDcht44.001_0653.jpg,0.77,0.78,0.63,0.65,0.72,0.63,0.49,0.58,0.61,0.66,0.77,0.48,0.25,0.34,0.45,0.40,0.25,0.28
eqXrUXW4yHY.003_0237.jpg,0.23,0.28,0.37,0.66,0.64,0.62,0.84,0.66,0.68,0.38,0.39,0.58,0.72,0.56,0.72,1.00,1.00,0.86
erJNMcO69Eo.002_0244.jpg,0.94,0.89,0.87,0.84,0.90,0.73,0.63,0.71,0.61,0.20,0.46,0.45,0.77,0.92,0.81,0.40,0.60,0.57
evrzg3Pzyc0.002_0479.jpg,0.52,0.37,0.35,0.63,0.52,0.65,0.60,0.42,0.36,0.81,0.87,1.00,0.22,0.28,0.36,0.53,0.46,0.44
EvZ0esZgPK4.001_0079.jpg,0.64,0.53,0.50,0.47,0.73,0.47,0.63,0.78,0.92,0.38,0.23,0.26,0.41,0.40,0.31,0.93,0.88,0.96
F0_EI_X5JVk.005_0233.jpg,0.83,0.89,1.00,0.63,0.74,0.80,0.79,0.98,0.98,1.00,1.00,0.84,0.79,1.00,0.79,0.48,0.31,0.41
f39E4ct09Cc.000_0363.jpg,0.41,0.44,0.42,0.17,0.26,0.23,0.41,0.23,0.34,0.86,1.00,0.84,0.41,0.60,0.61,0.59,0.40,0.34
f39E4ct09Cc.005_0451.jpg,0.45,0.42,0.33,0.45,0.68,0.57,0.53,0.48,0.63,1.00,0.95,0.88,0.33,0.33,0.27,0.69,0.67,0.79
f4rQJiW6oSk.004_0425.jpg,0.57,0.54,0.53,0.34,0.19,0.44,0.38,0.20,0.34,0.45,0.70,0.60,0.93,0.96,1.00,0.27,0.32,0.26
F4UeAogUMMs.002_0254.jpg,0.96,0.95,0.88,0.65,0.87,0.89,0.86,0.82,0.95,0.76,0.70,0.67,0.50,0.46,0.30,0.60,0.49,0.47
F4UeAogUMMs.003_0672.jpg,0.56,0.70,0.60,0.63,0.58,0.70,0.46,0.51,0.38,0.70,0.60,0.78,0.91,0.81,0.96,0.77,0.79,0.83
F5kL7RWS_f0.000_0203.jpg,0.44,0.33,0.28,1.00,0.95,0.83,0.47,0.25,0.49,0.71,0.78,0.65,0.57,0.61,0.50,1.00,1.00,0.96
fbjDmltKVOM.000_0462.jpg,0.46,0.37,0.30,0.47,0.61,0.52,0.71,0.86,0.79,0.87,0.82,0.86,1.00,0.82,0.82,0.79,0.75,0.77
fBMKlYUjA9E.000_0303.jpg,0.29,0.29,0.29,0.79,0.81,0.72,0.72,0.92,0.74,0.66,0.71,0.71,1.00,0.89,0.76,0.38,0.19,0.48
FcR9VhCxBb0.004_0011.jpg,0.21,0.37,0.25,0.92,0.89,0.81,0.93,0.79,0.97,0.51,0.52,0.65,0.76,0.72,0.92,1.00,0.85,0.83
fEZrAGQoh_g.000_0294.jpg,0.62,0.66,0.56,0.30,0.38,0.38,0.66,0.55,0.74,0.53,0.37,0.41,0.70,0.52,0.71,0.80,0.92,0.97
fEZrAGQoh_g.001_0022.jpg,0.83,0.83,0.91,0.91,0.81,0.90,0.99,0.95,0.80,0.47,0.31,0.39,0.66,0.72,0.90,1.00,1.00,0.95
Ff0WqsFl-1s.005_0501.jpg,0.19,0.30,0.17,0.45,0.54,0.74,0.89,0.85,0.77,0.57,0.53,0.41,0.71,0.72,0.93,0.34,0.38,0.28
fhUGU2uiS1U.004_0250.jpg,0.99,1.00,0.98,0.57,0.56,0.60,0.30,0.36,0.23,0.78,0.87,0.68,0.57,0.63,0.62,0.70,0.53,0.61
Fi1ILrwQpSY.005_0671.jpg,0.80,0.90,0.88,0.58,0.40,0.42,0.63,0.73,0.62,0.39,0.56,0.55,0.86,0.62,0.64,0.71,0.92,0.95
fiEEjrKhlNU.002_0578.jpg,0.89,0.67,0.94,0.87,0.93,0.80,0.46,0.63,0.66,0.83,0.64,0.76,0.62,0.56,0.79,0.22,0.46,0.38
fiVORaERbP0.002_0379.jpg,0.84,0.75,0.74,0.60,0.49,0.43,0.56,0.56,0.66,0.82,0.90,0.90,0.47,0.47,0.49,0.94,0.97,0.80
FkzVX7SQ9wE.002_0592.jpg,0.26,0.50,0.33,0.91,0.94,1.00,0.88,0.94,0.88,0.31,0.24,0.48,0.28,0.41,0.49,0.94,0.96,0.95
FM5UaJS-bhg.000_0343.jpg,0.38,0.49,0.43,0.52,0.50,0.43,0.64,0.69,0.62,0.77,0.77,0.59,0.54,0.51,0.30,1.00,0.84,0.92
FM5UaJS-bhg.005_0641.jpg,0.45,0.59,0.47,0.78,0.63,0.80,0.52,0.56,0.76,0.72,0.90,0.88,0.69,0.76,0.95,0.53,0.53,0.61
fsaslN7xV-w.000_0622.jpg,0.63,0.75,0.53,0.86,0.87,0.83,0.99,0.89,0.77,0.39,0.54,0.40,0.43,0.32,0.25,0.50,0.37,0.57
fsaslN7xV-w.002_0397.jpg,0.80,0.75,0.94,0.81,0.71,0.89,0.28,0.35,0.52,0.35,0.39,0.21,0.37,0.37,0.33,0.74,0.51,0.77
fsCK8Xuzl1Y.003_0159.jpg,0.38,0.64,0.53,0.64,0.78,0.69,0.35,0.52,0.41,0.31,0.36,0.45,0.30,0.57,0.59,0.51,0.60,0.47
fTpemcfElxI.004_0308.jpg,0.56,0.50,0.27,0.64,0.78,0.66,0.74,0.79,0.74,0.73,0.83,0.78,0.61,0.71,0.63,0.68,0.72,0.93
FU1ak530DDo.001_0513.jpg,0.62,0.54,0.47,0.87,0.75,0.67,0.62,0.47,0.43,0.47,0.43,0.62,0.52,0.48,0.46,0.39,0.56,0.47
FU1ak530DDo.003_0132.jpg,0.61,0.62,0.53,0.57,0.71,0.70,0.63,0.60,0.58,0.24,0.45,0.40,0.45,0.45,0.35,0.47,0.24,0.39
G7QTNbKbu_4.005_0568.jpg,0.73,0.75,0.89,0.70,0.79,0.87,0.86,0.83,0.79,0.39,0.64,0.67,0.93,0.89,0.91,0.52,0.61,0.47
g8rjtlzAQ6k.002_0655.jpg,0.95,1.00,0.79,0.87,0.83,0.85,0.76,0.54,0.49,0.49,0.48,0.61,0.57,0.53,0.48,0.90,1.00,1.00
gAWA-fcIa_M.003_0436.jpg,0.36,0.48,0.53,0.21,0.24,0.30,0.36,0.57,0.43,0.84,0.65,0.88,0.68,0.72,0.81,0.54,0.66,0.60
gAWA-fcIa_M.004_0375.jpg,0.98,0.87,0.90,0.83,0.73,0.74,0.47,0.18,0.36,0.89,0.79,0.80,0.36,0.48,0.26,0.85,0.81,0.81
GCkOL2jLSQA.005_0202.jpg,0.27,0.28,0.42,0.73,0.69,0.96,0.77,1.00,1.00,0.77,0.64,0.93,0.80,0.86,0.86,0.91,1.00,0.79
gfTTzlRNF8s.003_0187.jpg,0.86,0.76,0.71,0.53,0.31,0.30,0.69,0.66,0.76,0.52,0.43,0.36,1.00,0.88,0.89,0.62,0.68,0.63
gkKHdsF6du4.004_0662.jpg,0.42,0.48,0.64,0.84,0.84,1.00,0.57,0.64,0.56,1.00,0.86,0.74,0.84,0.66,0.79,0.87,0.83,0.89
gLtvOEy7m8Q.005_0050.jpg,0.95,0.87,0.90,0.81,1.00,0.82,0.51,0.64,0.50,0.62,0.80,0.67,0.41,0.43,0.41,0.81,0.60,0.74
gM_KAA-ejJA.005_0317.jpg,1.00,0.90,0.82,0.79,0.68,0.72,0.56,0.39,0.59,0.67,0.59,0.65,0.56,0.51,0.69,0.33,0.24,0.18
GMwEmLo-gfc.000_0361.jpg,0.95,0.87,0.78,0.45,0.62,0.58,0.93,0.77,0.88,0.68,0.66,0.76,0.56,0.56,0.63,0.62,0.81,0.81
GMwEmLo-gfc.002_0509.jpg,0.42,0.36,0.42,0.86,0.66,0.63,0.85,0.74,0.75,0.39,0.29,0.30,0.61,0.45,0.55,0.71,0.56,0.64
GQczMGrVgbc.000_0399.jpg,0.80,0.57,0.79,0.98,1.00,0.97,0.73,0.55,0.60,0.71,0.80,0.86,0.54,0.31,0.54,0.67,0.78,0.64
GTmHSF6vNWc.002_0228.jpg,0.26,0.29,0.47,0.27,0.38,0.52,0.42,0.59,0.55,0.41,0.64,0.63,0.97,0.83,0.92,0.53,0.68,0.60
gUyH1qvbOZA.005_0341.jpg,0.57,0.49,0.71,0.81,0.75,0.82,0.49,0.49,0.51,0.68,0.46,0.55,0.74,0.69,0.69,0.52,0.70,0.52
GWOtluILlk4.002_0278.jpg,0.57,0.53,0.59,0.36,0.35,0.31,0.77,0.85,0.78,0.72,0.70,0.86,0.69,0.82,0.68,0.40,0.44,0.46
GyLjVOVPGKQ.005_0344.jpg,0.91,1.00,0.85,0.22,0.36,0.38,0.36,0.47,0.55,0.31,0.35,0.31,0.79,0.83,0.89,0.30,0.37,0.58
H8h4fAGgV18.001_0270.jpg,0.42,0.40,0.48,1.00,0.87,0.79,0.91,0.84,0.73,0.95,0.96,0.79,0.40,0.49,0.41,0.62,0.46,0.65
haxhAfuccuE.000_0516.jpg,0.37,0.51,0.36,0.48,0.51,0.33,0.60,0.68,0.61,0.59,0.57,0.37,0.65,0.52,0.72,0.32,0.30,0.47
HegkSmkiBos.005_0172.jpg,0.23,0.37,0.24,0.70,0.59,0.58,0.57,0.65,0.63,0.57,0.76,0.54,0.87,0.80,0.95,0.68,0.56,0.49
hF3yR5rmga8.001_0060.jpg,0.73,0.78,0.74,0.75,0.54,0.74,1.00,1.00,1.00,0.48,0.37,0.47,0.63,0.64,0.44,0.65,0.62,0.74
hfUH9Am-Izs.000_0431.jpg,0.33,0.45,0.26,0.68,0.62,0.52,0.86,0.94,0.79,0.64,0.47,0.58,0.78,0.72,0.82,0.96,0.81,0.95
hG0I7DLSSYg.001_0485.jpg,0.54,0.39,0.54,0.92,0.78,0.80,0.53,0.63,0.46,0.96,0.96,1.00,0.56,0.39,0.57,0.43,0.53,0.52
HhC2cGFFZeY.005_0544.jpg,0.55,0.57,0.58,1.00,1.00,1.00,0.42,0.41,0.39,0.76,0.67,0.58,0.77,0.58,0.67,0.60,0.57,0.75
hhdoeK8SsiI.000_0512.jpg,0.36,0.24,0.32,0.85,0.75,0.76,0.77,0.70,0.63,0.99,0.98,0.99,0.46,0.52,0.40,0.77,0.81,0.78
hIFNZ_ycngg.001_0505.jpg,0.38,0.37,0.43,0.43,0.31,0.53,0.50,0.51,0.58,0.76,0.81,0.61,0.47,0.47,0.58,0.85,0.72,0.88
hnMp0eX28es.001_0321.jpg,0.81,0.93,0.85,0.80,0.65,0.80,0.31,0.40,0.27,0.46,0.73,0.74,0.86,0.67,0.75,0.94,0.70,0.80
HONL8ha-1BE.000_0032.jpg,0.68,0.69,0.60,0.67,0.62,0.74,0.70,0.53,0.48,0.21,0.20,0.20,0.54,0.51,0.62,0.77,0.92,0.75
hOXvRgxjfik.003_0408.jpg,0.34,0.39,0.41,0.59,0.48,0.61,0.76,0.84,0.80,0.51,0.65,0.69,0.55,0.72,0.63,1.00,1.00,0.95
HP8f3oqJwz0.002_0333.jpg,0.40,0.31,0.40,0.59,0.69,0.58,0.94,0.83,0.90,0.53,0.60,0.50,0.33,0.27,0.53,0.79,0.73,0.64
hspeWl-Bip0.003_0560.jpg,0.72,0.75,0.59,0.36,0.32,0.23,0.33,0.46,0.40,0.66,0.70,0.80,0.83,0.86,0.67,0.79,0.61,0.67
hsXn0N8bAYs.005_0440.jpg,0.83,0.85,0.89,0.94,0.85,0.79,0.36,0.58,0.50,0.85,0.95,0.82,0.66,0.87,0.71,0.61,0.65,0.64
HTF8k56_Oxo.001_0565.jpg,0.49,0.39,0.49,0.79,0.83,0.71,0.24,0.19,0.18,0.24,0.37,0.19,1.00,1.00,0.98,0.61,0.51,0.50
huIQlWsIEvY.000_0141.jpg,0.99,1.00,0.98,0.53,0.57,0.31,0.55,0.47,0.42,0.71,0.91,0.77,0.38,0.26,0.27,0.79,0.88,0.86
HUxtuDE-YNE.004_0547.jpg,0.33,0.44,0.51,0.47,0.59,0.38,0.41,0.39,0.50,0.97,1.00,1.00,0.87,0.93,0.92,0.38,0.30,0.50
I01_ubtktEQ.003_0165.jpg,0.77,0.79,0.71,0.47,0.58,0.48,0.36,0.66,0.52,0.36,0.35,0.23,0.79,0.84,0.79,0.81,0.68,0.88
I01_ubtktEQ.005_0360.jpg,0.91,0.81,0.78,0.85,0.93,0.90,0.84,0.74,0.79,0.47,0.66,0.56,0.33,0.24,0.27,0.55,0.51,0.67
I_ncZcYgFjw.000_0055.jpg,0.71,0.71,0.72,1.00,0.80,0.97,0.46,0.48,0.43,0.46,0.44,0.41,0.48,0.34,0.53,0.93,0.82,0.88
iGBVrJMr62U.000_0330.jpg,0.91,0.87,0.70,0.33,0.39,0.34,0.55,0.36,0.30,0.63,0.59,0.75,0.42,0.30,0.35,0.56,0.39,0.56
iGlLSkRAsJc.003_0566.jpg,0.52,0.73,0.76,0.53,0.49,0.53,0.61,0.47,0.62,0.72,0.65,0.63,0.73,0.61,0.63,0.81,0.79,0.87
iGlLSkRAsJc.005_0140.jpg,0.97,0.77,1.00,0.74,0.91,0.86,0.35,0.30,0.26,0.41,0.25,0.47,0.81,1.00,0.90,0.49,0.51,0.29
iiW_nu6JITY.005_0464.jpg,0.54,0.56,0.33,0.95,0.89,0.75,0.50,0.31,0.30,0.91,1.00,0.82,0.25,0.23,0.22,0.42,0.27,0.39
IL5VgGakSNw.005_0089.jpg,0.38,0.16,0.30,0.27,0.50,0.50,0.69,0.60,0.50,0.39,0.44,0.34,0.54,0.39,0.53,0.80,0.63,0.55
iOB65zCiOFM.003_0387.jpg,0.93,0.90,0.74,0.33,0.38,0.41,0.76,0.63,0.53,0.41,0.41,0.32,0.56,0.36,0.56,0.31,0.54,0.39
iOv0_RdVPCM.005_0617.jpg,0.31,0.18,0.42,0.33,0.44,0.45,0.92,0.89,0.79,0.35,0.37,0.61,0.26,0.28,0.27,0.96,0.97,0.78
iPblZBQpafs.003_0696.jpg,0.83,0.66,0.86,0.70,0.96,0.85,0.81,0.65,0.80,0.41,0.62,0.54,0.71,0.48,0.68,0.31,0.33,0.32
ipP--IqIuWU.001_0042.jpg,0.79,0.92,0.79,0.74,0.54,0.53,0.46,0.48,0.40,0.98,0.92,0.91,0.75,0.77,0.61,0.34,0.40,0.31
IQdz0Pd-L2Y.004_0058.jpg,1.00,0.90,0.90,0.71,0.83,0.70,0.74,0.73,0.99,0.58,0.36,0.52,0.87,0.77,0.80,0.86,1.00,0.84
IQdz0Pd-L2Y.005_0661.jpg,0.70,0.46,0.61,0.47,0.26,0.37,0.92,0.82,0.80,0.78,0.79,0.91,0.76,0.79,0.84,0.35,0.49,0.28
isqmQc9AfBc.001_0349.jpg,0.82,0.98,0.83,1.00,0.95,0.86,0.88,0.66,0.78,0.57,0.48,0.68,0.92,1.00,1.00,0.88,0.87,0.63
isqmQc9AfBc.005_0269.jpg,0.49,0.61,0.47,0.54,0.78,0.63,0.79,0.92,1.00,0.44,0.54,0.45,0.52,0.77,0.74,0.73,0.82,0.76
ixPqs7L8oAE.004_0158.jpg,0.28,0.25,0.19,0.82,0.81,0.71,0.79,0.64,0.61,0.39,0.46,0.37,0.66,0.70,0.52,0.53,0.37,0.54
IXVf5VWxOAg.002_0432.jpg,1.00,0.83,0.81,0.60,0.74,0.75,0.80,0.81,0.66,0.79,0.75,0.63,0.62,0.53,0.34,0.56,0.66,0.51
izq1ogkfedI.002_0173.jpg,0.64,0.56,0.75,0.44,0.57,0.56,0.92,0.99,0.91,0.81,0.88,0.81,0.89,0.95,0.92,0.82,0.79,0.99
izqyworQEEM.001_0026.jpg,1.00,0.85,1.00,0.77,0.84,0.74,0.47,0.56,0.73,0.54,0.58,0.52,0.77,0.60,0.73,0.54,0.48,0.37
j5fXaXrNPoA.004_0064.jpg,0.58,0.59,0.73,0.38,0.39,0.40,0.72,0.56,0.76,0.64,0.58,0.66,0.63,0.42,0.62,0.64,0.69,0.78
J6RHl6U6Jcw.000_0284.jpg,0.55,0.37,0.39,0.76,0.99,1.00,0.20,0.20,0.39,0.78,0.62,0.63,0.50,0.29,0.50,0.40,0.41,0.47
J8YpOUmN_aI.001_0508.jpg,0.34,0.25,0.19,1.00,0.73,1.00,0.67,0.49,0.48,0.71,0.77,0.72,0.67,0.72,0.61,0.48,0.62,0.54
J9WyswA0vow.003_0143.jpg,0.37,0.42,0.43,0.89,0.78,0.84,0.69,0.51,0.46,0.62,0.83,0.68,0.55,0.34,0.39,0.99,1.00,0.90
JbXgnjVWEoM.002_0638.jpg,0.43,0.45,0.54,0.62,0.64,0.83,0.66,0.57,0.56,0.88,0.91,0.73,0.90,1.00,0.96,0.52,0.32,0.46
jdli4DDP7XM.003_0614.jpg,0.95,0.82,0.96,0.75,0.85,0.90,0.44,0.38,0.48,0.73,0.55,0.60,0.55,0.52,0.68,0.81,0.81,0.69
jdli4DDP7XM.005_0656.jpg,0.79,0.73,0.74,0.77,0.79,0.91,0.71,0.68,0.56,0.53,0.46,0.56,0.91,0.68,0.86,0.64,0.63,0.60
JEualxMkaE4.002_0196.jpg,0.98,0.81,1.00,0.86,0.69,0.75,0.41,0.37,0.41,0.69,0.60,0.60,0.57,0.49,0.45,0.63,0.68,0.59
JFKZEGDhcRs.003_0652.jpg,0.53,0.49,0.56,0.90,0.74,0.88,0.48,0.53,0.50,0.83,0.65,0.72,0.60,0.36,0.45,0.64,0.44,0.47
Jhz5ssCKaug.003_0439.jpg,0.30,0.30,0.31,0.42,0.47,0.47,0.68,0.95,0.90,1.00,0.83,0.89,0.59,0.56,0.51,0.68,0.77,0.71
jlDYn537Pd0.001_0371.jpg,0.86,0.66,0.90,0.68,0.84,0.73,0.69,0.54,0.66,0.26,0.50,0.34,0.71,0.82,0.60,0.89,0.77,0.88
Jog1-pYOSD0.001_0563.jpg,0.63,0.71,0.54,0.53,0.52,0.34,0.64,0.52,0.55,0.65,0.47,0.49,0.79,0.68,0.73,0.86,0.96,0.96
JoQRNgGQCgY.002_0155.jpg,0.97,0.88,0.89,0.78,0.78,0.62,0.47,0.54,0.54,0.68,0.60,0.69,0.87,0.67,0.85,0.81,0.91,0.89
JoQRNgGQCgY.003_0286.jpg,0.80,0.62,0.67,0.38,0.54,0.35,0.42,0.64,0.67,0.78,0.68,0.73,0.56,0.58,0.56,0.44,0.37,0.36
jOTlJwOBSd4.003_0390.jpg,0.59,0.45,0.50,0.40,0.45,0.60,0.46,0.46,0.66,0.37,0.55,0.44,0.29,0.30,0.33,0.84,0.67,0.65
jpbz8CA4RvI.000_0507.jpg,0.25,0.25,0.40,0.95,0.97,0.81,0.46,0.47,0.39,0.69,0.56,0.48,0.93,0.87,0.83,0.70,0.80,0.79
jPpZkVzQywk.000_0423.jpg,0.77,0.77,0.61,0.35,0.44,0.37,0.29,0.48,0.31,0.40,0.45,0.37,0.25,0.35,0.29,0.51,0.63,0.56
jpPZVmzleAo.001_0348.jpg,0.54,0.49,0.35,0.75,0.85,0.93,0.94,0.76,0.83,0.56,0.60,0.59,0.65,0.77,0.82,0.41,0.33,0.26
jpRnHWTLDUs.003_0067.jpg,1.00,1.00,0.81,0.22,0.36,0.47,0.53,0.39,0.50,0.52,0.39,0.39,0.77,0.65,0.77,0.72,0.64,0.51
jQRFHBVs0dA.004_0038.jpg,0.78,0.88,0.83,0.65,0.91,0.76,0.35,0.50,0.43,0.50,0.40,0.47,0.78,0.70,0.80,0.45,0.55,0.64
JxxF9y61ujA.005_0331.jpg,1.00,1.00,0.78,0.86,0.85,0.68,0.31,0.42,0.39,0.39,0.45,0.44,0.30,0.49,0.27,0.36,0.35,0.44
jZDlFzVUZwY.005_0219.jpg,0.64,0.64,0.53,0.31,0.47,0.40,0.41,0.40,0.36,0.68,0.44,0.50,0.97,0.89,0.96,0.46,0.43,0.45
jZhlaIUFMLc.005_0582.jpg,0.65,0.61,0.62,0.70,0.70,0.51,0.19,0.38,0.29,0.68,0.60,0.79,0.69,0.86,0.71,0.55,0.70,0.52
jZl3Rq1MRQg.000_0190.jpg,0.86,0.84,0.89,0.26,0.45,0.26,0.68,0.56,0.57,0.82,1.00,0.86,0.48,0.36,0.50,0.39,0.39,0.57
K-fMyzPB7FI.005_0364.jpg,0.94,0.89,0.74,0.22,0.47,0.29,0.74,0.77,0.66,0.61,0.53,0.73,1.00,0.82,0.97,0.82,0.76,0.75
K-iwJMxjyx4.005_0461.jpg,0.86,0.74,0.78,0.96,0.81,0.87,1.00,0.93,0.98,0.77,0.61,0.57,0.36,0.63,0.47,0.65,0.64,0.79
k3iu-fhIkeI.002_0531.jpg,0.50,0.55,0.67,0.87,0.91,0.80,0.55,0.66,0.67,0.29,0.35,0.22,0.71,0.81,0.86,0.45,0.45,0.48
K63T9l1xY7U.000_0579.jpg,0.72,0.84,0.85,0.61,0.53,0.72,0.59,0.49,0.41,0.80,0.70,0.81,0.70,0.80,0.67,0.78,0.83,0.64
KahSwziq8F0.000_0229.jpg,0.77,0.93,0.71,0.44,0.33,0.36,0.58,0.55,0.64,0.29,0.26,0.51,0.61,0.61,0.60,0.72,0.76,0.74
Kbcvurfuvhk.002_0096.jpg,0.47,0.47,0.42,0.35,0.38,0.28,0.39,0.51,0.43,0.82,0.80,0.84,0.40,0.52,0.31,0.52,0.48,0.66
kDP6_hiBR0o.002_0293.jpg,0.65,0.82,0.73,0.60,0.85,0.59,0.58,0.76,0.63,0.78,0.83,0.81,0.84,0.69,0.69,0.68,0.62,0.63
keGXYAcUXmA.002_0121.jpg,0.90,0.74,0.70,0.24,0.25,0.37,0.55,0.60,0.56,0.60,0.48,0.56,0.98,0.80,0.88,0.32,0.45,0.49
KfurkMyjD-c.004_0369.jpg,0.33,0.56,0.32,0.28,0.41,0.19,0.52,0.37,0.43,0.72,0.96,0.78,0.57,0.47,0.45,0.43,0.29,0.35
KGRUaRe3r7I.002_0142.jpg,0.46,0.47,0.62,1.00,0.97,0.94,0.76,0.94,0.85,0.68,0.55,0.51,0.68,0.63,0.46,0.31,0.47,0.57
KHQJhOzdrYo.004_0383.jpg,0.98,0.92,0.93,0.71,0.74,0.71,0.90,0.95,0.90,0.41,0.39,0.64,0.37,0.34,0.38,0.79,0.96,1.00
KIJ9IYETe38.001_0311.jpg,0.49,0.57,0.52,0.59,0.63,0.59,0.42,0.53,0.42,0.92,0.81,0.84,0.60,0.62,0.81,0.85,0.98,1.00
KIJ9IYETe38.002_0562.jpg,0.65,0.57,0.58,0.79,0.87,0.76,0.41,0.35,0.53,0.59,0.66,0.53,0.75,0.65,0.78,0.56,0.56,0.77
KJP4SKS2vtY.000_0177.jpg,0.43,0.36,0.45,0.63,0.70,0.61,0.68,0.74,0.53,0.38,0.40,0.51,0.90,0.93,0.81,0.30,0.44,0.31
Kmrd1MsZKmQ.000_0169.jpg,0.90,0.66,0.90,0.60,0.53,0.60,0.55,0.61,0.53,0.41,0.36,0.44,1.00,0.96,0.91,0.78,0.99,0.80
kN_bFMVnfzY.001_0625.jpg,0.82,0.73,0.73,0.79,0.75,0.86,0.41,0.47,0.31,0.76,0.90,0.79,0.96,1.00,0.96,0.61,0.84,0.55
KnbEca4Ibwk.000_0454.jpg,0.72,0.87,0.73,0.62,0.76,0.50,0.66,0.43,0.42,0.54,0.68,0.65,0.64,0.56,0.60,0.58,0.65,0.57
kp3c66Igyr8.001_0124.jpg,0.92,0.78,1.00,0.43,0.29,0.21,0.62,0.84,0.64,0.31,0.39,0.28,0.81,0.90,0.62,0.94,0.75,0.81
ksCoS_ghDfM.002_0627.jpg,0.38,0.43,0.36,0.54,0.25,0.53,0.50,0.53,0.57,0.64,0.55,0.70,0.78,0.77,0.80,0.46,0.55,0.44
KsToJAKi7xQ.000_0569.jpg,0.88,0.97,0.92,0.24,0.36,0.40,1.00,0.84,0.86,0.41,0.52,0.52,0.87,0.80,0.82,0.70,0.76,0.72
kUv0BJQmKq0.001_0435.jpg,0.73,0.86,0.79,0.22,0.25,0.46,0.40,0.39,0.33,0.40,0.30,0.29,0.22,0.42,0.26,0.72,0.56,0.71
kV7MFI2_ddo.005_0395.jpg,0.59,0.49,0.51,0.60,0.66,0.75,0.67,0.54,0.60,0.87,0.77,0.64,0.72,0.68,0.54,0.98,0.79,0.81
kwcpINU9LLk.004_0463.jpg,0.76,0.76,0.68,0.84,1.00,0.78,0.37,0.28,0.27,0.82,0.95,0.84,0.57,0.56,0.40,0.50,0.68,0.69
kX-o1qmgWvc.002_0647.jpg,0.54,0.82,0.55,0.91,0.91,0.70,0.70,0.72,0.76,0.91,0.83,0.97,0.35,0.54,0.38,0.56,0.36,0.56
KXUERmhPyr8.004_0136.jpg,1.00,0.96,1.00,0.27,0.28,0.40,0.58,0.51,0.46,0.49,0.57,0.68,0.46,0.47,0.72,0.30,0.40,0.35
KXUERmhPyr8.005_0521.jpg,0.57,0.79,0.64,0.81,0.72,0.73,0.97,0.70,0.69,0.76,0.79,0.66,0.49,0.35,0.55,0.71,0.85,0.86
KYkfjIZEScM.005_0550.jpg,0.43,0.62,0.64,0.67,0.64,0.59,0.98,0.89,0.96,0.84,0.89,0.87,0.66,0.69,0.48,0.70,0.63,0.85
KYvbRwTCtaU.005_0615.jpg,0.65,0.55,0.69,0.46,0.40,0.50,0.87,0.79,0.80,0.24,0.34,0.45,0.42,0.44,0.32,0.78,0.72,0.73
kzDQXSGGomg.004_0065.jpg,0.68,0.79,0.68,0.47,0.34,0.38,0.94,0.90,0.96,0.80,0.88,0.79,0.47,0.27,0.34,0.43,0.32,0.36
L-C1blPD_ec.000_0097.jpg,0.74,0.80,0.63,0.45,0.47,0.51,0.61,0.61,0.53,0.37,0.20,0.27,0.81,0.86,0.80,0.80,0.81,0.95
L-C1blPD_ec.005_0596.jpg,0.79,1.00,0.95,0.48,0.20,0.38,0.66,0.61,0.48,0.83,0.72,0.71,0.87,1.00,1.00,0.93,1.00,0.94
l-WgXcGLdZk.002_0385.jpg,0.84,0.61,0.65,0.75,0.64,0.66,0.72,0.74,0.71,0.76,0.74,0.72,0.58,0.65,0.46,0.33,0.18,0.28
L5kpy0SA7os.003_0222.jpg,0.22,0.29,0.39,0.59,0.59,0.60,0.43,0.44,0.43,0.30,0.34,0.26,0.21,0.43,0.38,0.74,0.90,0.93
l8weBJSCHbA.005_0561.jpg,0.86,0.70,0.91,0.97,0.82,0.91,0.58,0.63,0.50,0.34,0.32,0.47,0.71,0.74,0.79,0.75,0.48,0.59
ld7mBR4v3yU.001_0388.jpg,0.67,0.84,0.72,0.60,0.73,0.86,0.46,0.28,0.23,0.78,0.76,0.84,1.00,0.85,1.00,0.30,0.49,0.46
LGPm8ok6kVo.001_0010.jpg,0.47,0.50,0.66,0.74,0.69,0.60,0.57,0.55,0.37,0.32,0.50,0.43,0.90,0.74,0.78,0.36,0.26,0.22
Lj1WuMXFa-4.004_0088.jpg,0.36,0.28,0.42,0.83,0.82,0.65,0.90,0.70,0.88,0.67,0.89,0.70,0.79,0.84,0.78,0.88,0.85,0.62
LKBoLbWHJYI.002_0419.jpg,0.37,0.53,0.37,0.32,0.36,0.44,0.56,0.77,0.75,0.46,0.35,0.50,0.31,0.31,0.43,0.77,0.85,0.84
LKqO2BhfAvM.002_0105.jpg,0.53,0.42,0.65,0.31,0.18,0.18,0.53,0.50,0.51,0.80,0.67,0.87,0.46,0.59,0.62,0.89,0.92,0.87
lNY0BdE4NqY.000_0475.jpg,0.72,0.96,0.98,0.73,0.65,0.71,0.55,0.53,0.45,0.55,0.35,0.48,0.47,0.65,0.55,0.72,0.82,0.76
LRczShwIVbM.004_0166.jpg,0.64,0.73,0.73,0.43,0.40,0.39,0.24,0.40,0.34,0.60,0.64,0.54,0.49,0.42,0.22,0.83,0.79,0.90
LsqAIHhFpLE.002_0444.jpg,0.64,0.48,0.52,0.44,0.23,0.38,0.70,0.83,0.83,0.68,0.75,0.68,0.53,0.48,0.45,0.66,0.43,0.50
lsVwEApsljU.003_0101.jpg,0.87,0.62,0.79,0.46,0.43,0.65,0.50,0.69,0.56,0.30,0.22,0.39,0.32,0.55,0.48,0.83,0.76,0.73
LuLUAwn0aWU.002_0122.jpg,0.23,0.42,0.42,0.45,0.50,0.57,0.70,0.84,0.79,0.67,0.62,0.76,0.61,0.79,0.75,0.54,0.76,0.75
LuLUAwn0aWU.005_0234.jpg,0.74,0.47,0.58,0.74,0.65,0.51,0.35,0.34,0.42,0.61,0.60,0.81,0.62,0.66,0.59,0.50,0.35,0.62
lvae9lRUugE.005_0347.jpg,0.78,0.76,0.67,0.79,0.91,0.91,0.66,0.63,0.80,0.80,0.86,0.97,0.48,0.49,0.48,0.38,0.18,0.36
LvpUVPQKWcQ.005_0405.jpg,0.69,0.55,0.72,0.79,0.74,0.73,0.56,0.57,0.60,0.84,0.98,0.92,0.18,0.26,0.42,0.57,0.41,0.61
LXmwDq89LdA.000_0150.jpg,0.81,0.83,0.69,0.54,0.50,0.56,0.59,0.57,0.51,0.75,1.00,0.97,0.33,0.38,0.44,0.40,0.47,0.39
LXmwDq89LdA.002_0438.jpg,0.88,0.87,0.84,0.35,0.33,0.46,0.83,1.00,1.00,0.57,0.69,0.63,0.74,0.77,0.53,0.54,0.70,0.62
ly_0m16694Q.003_0236.jpg,0.18,0.22,0.37,0.91,0.80,0.74,0.41,0.55,0.32,0.81,0.93,0.90,0.57,0.84,0.77,0.53,0.44,0.41
lyZZSU1ziCQ.001_0576.jpg,0.70,0.62,0.64,0.41,0.37,0.51,0.72,0.78,0.79,0.77,0.62,0.60,0.48,0.40,0.55,0.54,0.37,0.41
m04e9ylCoK0.000_0276.jpg,0.61,0.56,0.65,0.48,0.54,0.35,0.78,0.60,0.66,0.42,0.24,0.38,0.48,0.35,0.62,0.84,0.80,0.74
M0U48Lm33A8.000_0616.jpg,0.50,0.25,0.37,0.67,0.59,0.65,0.76,0.59,0.64,0.79,0.84,0.79,0.37,0.38,0.35,0.48,0.57,0.56
m4KKYcD6CZw.003_0510.jpg,0.42,0.52,0.37,0.64,0.55,0.57,0.49,0.53,0.55,0.59,0.70,0.76,0.91,0.99,0.92,0.57,0.40,0.41
m7zdWVDT-34.005_0651.jpg,0.32,0.35,0.36,0.58,0.66,0.50,0.63,0.77,0.71,0.56,0.60,0.70,0.35,0.40,0.57,0.24,0.36,0.17
M_OpMKBEOyU.002_0428.jpg,0.87,0.75,0.70,0.34,0.22,0.43,0.42,0.51,0.48,0.85,0.75,0.87,0.53,0.51,0.45,0.49,0.47,0.49
mBdVuEXRlfQ.001_0499.jpg,0.87,0.62,0.60,0.42,0.42,0.54,0.40,0.23,0.42,0.68,0.80,0.74,0.51,0.35,0.52,0.90,0.94,0.76
MBgwyWKYWVM.002_0642.jpg,0.76,0.61,0.60,0.46,0.33,0.25,0.64,0.46,0.66,0.93,0.93,1.00,0.36,0.57,0.40,0.73,0.76,0.61
MD9yyz-OSRs.004_0668.jpg,0.28,0.37,0.44,0.66,0.56,0.54,0.52,0.76,0.61,0.86,0.77,0.81,0.53,0.46,0.69,0.79,0.82,0.88
merppcmY6y0.000_0008.jpg,0.98,0.97,1.00,0.47,0.35,0.55,0.76,0.52,0.51,0.29,0.44,0.39,0.42,0.48,0.39,0.86,0.76,0.86
mhF4kYTlVUE.002_0163.jpg,0.51,0.67,0.45,0.90,1.00,0.92,0.51,0.69,0.62,0.46,0.17,0.22,0.31,0.35,0.27,0.35,0.44,0.62
MK7KveAeb6Y.004_0493.jpg,0.89,1.00,0.80,0.39,0.39,0.26,0.54,0.52,0.49,0.43,0.47,0.48,0.73,0.63,0.88,0.73,0.71,0.64
mnRuiwFx_Z8.005_0532.jpg,0.73,0.79,0.70,0.35,0.50,0.42,0.40,0.65,0.45,0.75,0.94,0.98,0.53,0.76,0.73,0.57,0.61,0.51
MOobNUpfWiY.004_0657.jpg,0.81,0.71,0.74,0.33,0.41,0.38,0.47,0.42,0.51,0.47,0.50,0.27,0.34,0.47,0.51,0.75,0.54,0.53
mpk5Ubw2fj8.004_0183.jpg,0.66,0.64,0.62,0.43,0.47,0.57,0.32,0.54,0.39,0.73,0.71,0.65,0.98,0.81,0.99,0.76,0.66,0.63
mpXOSY5dW7c.004_0665.jpg,0.93,0.97,0.98,0.37,0.36,0.56,0.33,0.38,0.23,0.77,0.87,0.82,0.64,0.59,0.53,0.43,0.20,0.21
MrfJ1qDJAwo.001_0288.jpg,0.17,0.22,0.37,0.46,0.32,0.52,0.47,0.29,0.27,0.63,0.55,0.80,0.63,0.71,0.51,0.51,0.49,0.53
MRquWhqw4Jw.000_0635.jpg,0.97,0.85,0.77,0.53,0.76,0.66,0.81,0.93,0.81,0.26,0.34,0.43,0.42,0.57,0.55,0.53,0.55,0.60
MuYYY3XaJ7Q.003_0533.jpg,0.38,0.37,0.24,0.77,0.91,0.97,0.64,0.74,0.64,0.95,0.73,0.90,0.92,0.77,0.89,0.77,0.83,0.99
MZkDsB04kt8.000_0221.jpg,0.87,0.77,0.64,0.48,0.32,0.39,0.57,0.52,0.71,0.56,0.57,0.54,0.66,0.76,0.66,0.48,0.33,0.47
N7oR6_oMBFk.004_0153.jpg,0.89,0.78,0.83,0.40,0.49,0.43,0.44,0.47,0.30,0.37,0.47,0.22,0.66,0.59,0.63,0.76,1.00,0.86
n_4vw3RKaog.002_0458.jpg,0.32,0.30,0.33,0.39,0.53,0.38,0.94,0.87,0.71,0.26,0.31,0.55,0.57,0.48,0.47,0.71,0.73,0.73
naAGy30bnwA.005_0400.jpg,0.32,0.53,0.42,0.66,0.74,0.70,0.74,0.78,0.50,0.34,0.25,0.42,0.99,0.82,1.00,0.62,0.73,0.81
NBacfF-K2eQ.000_0047.jpg,0.81,0.91,0.77,0.61,0.57,0.57,0.67,0.49,0.57,0.86,0.79,0.82,0.52,0.55,0.73,0.43,0.51,0.27
nBjBfN9SbpM.002_0090.jpg,0.55,0.66,0.65,0.68,0.68,0.64,0.33,0.26,0.44,0.42,0.47,0.25,0.45,0.43,0.55,0.37,0.40,0.42
nClvfVFYzbM.000_0465.jpg,0.65,0.57,0.66,0.42,0.39,0.34,0.43,0.49,0.38,0.79,1.00,0.72,0.62,0.89,0.65,0.37,0.22,0.27
nClvfVFYzbM.005_0640.jpg,0.67,0.71,0.93,0.45,0.24,0.42,0.39,0.36,0.21,0.51,0.60,0.61,0.51,0.64,0.53,0.62,0.75,0.66
ncmnmmmWEpU.000_0306.jpg,0.90,0.83,0.75,0.50,0.60,0.55,0.48,0.64,0.49,0.44,0.54,0.50,0.40,0.25,0.37,0.45,0.54,0.40
NDC375coN1o.005_0277.jpg,0.74,0.71,0.60,0.46,0.41,0.36,0.31,0.28,0.29,0.31,0.56,0.39,0.73,0.77,0.60,0.61,0.71,0.70
ndLtwmvPpr8.003_0409.jpg,0.95,0.91,1.00,0.55,0.52,0.59,0.41,0.27,0.30,0.53,0.57,0.38,0.54,0.71,0.47,0.97,0.95,0.77
nex61B854Ms.005_0120.jpg,0.29,0.53,0.45,0.48,0.65,0.43,0.79,0.79,0.78,0.28,0.43,0.46,0.84,0.89,0.83,0.63,0.40,0.40
nfEhF5GBQpo.000_0537.jpg,0.40,0.50,0.57,0.73,0.74,0.70,0.60,0.69,0.74,0.69,0.50,0.58,0.68,0.63,0.70,0.82,0.82,0.92
nfN9qJSVank.003_0470.jpg,0.39,0.49,0.29,0.69,0.80,0.75,0.71,0.76,0.84,0.47,0.48,0.61,0.84,0.88,0.99,0.64,0.57,0.55
Ng2E0E5tiZQ.005_0018.jpg,0.64,0.54,0.63,0.98,0.81,0.85,0.53,0.61,0.62,0.55,0.36,0.53,0.37,0.49,0.29,0.53,0.62,0.53
NG8qWulkRM4.001_0384.jpg,0.26,0.45,0.27,0.94,0.85,0.77,0.66,0.54,0.49,0.71,0.54,0.77,0.70,0.89,0.72,0.43,0.68,0.50
NI-tZF3gfes.002_0225.jpg,0.37,0.24,0.27,0.89,0.78,0.93,0.36,0.41,0.38,1.00,1.00,1.00,0.79,0.82,0.85,0.38,0.64,0.54
NI-tZF3gfes.003_0362.jpg,0.54,0.35,0.48,0.73,0.68,0.79,0.28,0.57,0.29,0.63,0.49,0.61,0.42,0.41,0.30,0.74,0.49,0.71
nKLhatlbqEw.005_0015.jpg,0.86,0.98,0.90,0.41,0.59,0.38,0.59,0.69,0.47,0.70,0.47,0.46,1.00,0.83,0.87,0.42,0.49,0.55
nkmYbzMmrYw.003_0279.jpg,0.31,0.22,0.26,0.27,0.52,0.45,0.40,0.53,0.59,0.36,0.36,0.22,0.87,0.87,0.84,0.52,0.45,0.39
nOFHZ_s7Et4.001_0035.jpg,0.48,0.49,0.56,0.77,0.79,0.82,0.74,0.75,0.93,0.38,0.51,0.63,0.81,0.98,0.77,0.82,0.71,0.66
nskJh7v6v1U.005_0205.jpg,0.84,0.91,0.71,0.67,0.69,0.77,0.96,0.96,0.84,0.69,0.57,0.48,0.52,0.48,0.42,0.37,0.45,0.43
NXG4n1pr4Ok.001_0249.jpg,0.39,0.40,0.40,0.65,0.79,0.73,0.53,0.65,0.74,0.50,0.45,0.41,0.73,0.69,0.87,0.56,0.56,0.66
nZC82V87Pm0.004_0157.jpg,0.86,0.99,0.77,0.48,0.47,0.61,0.61,0.55,0.65,0.43,0.43,0.44,0.78,0.86,0.80,0.84,0.94,0.88
OACoHiwOdXQ.002_0486.jpg,0.83,1.00,1.00,0.84,0.97,1.00,0.77,0.91,0.88,0.62,0.68,0.68,0.65,0.59,0.44,0.37,0.38,0.29
oCb9DK3M1DU.000_0468.jpg,0.57,0.65,0.52,0.30,0.48,0.45,0.53,0.57,0.48,0.54,0.64,0.60,0.92,0.72,0.71,0.61,0.41,0.57
OckL7z_nBGg.005_0649.jpg,0.66,0.49,0.50,0.67,0.58,0.66,0.74,0.55,0.51,0.43,0.24,0.45,0.41,0.34,0.33,0.71,0.71,0.73
OD_gyCYpR8U.002_0609.jpg,0.45,0.46,0.30,0.88,0.80,1.00,0.50,0.51,0.27,0.75,0.73,0.74,0.82,0.93,0.82,0.78,0.59,0.69
odRqijkG28U.000_0194.jpg,0.32,0.30,0.31,0.32,0.18,0.23,0.49,0.38,0.59,0.86,0.82,0.72,0.82,0.99,0.85,0.40,0.25,0.24
OEKg-Tvwcbk.000_0612.jpg,0.57,0.46,0.59,0.32,0.49,0.49,0.50,0.34,0.53,0.99,0.93,0.93,0.37,0.32,0.29,0.92,1.00,0.89
OgPC4wnLJR0.004_0597.jpg,0.65,0.73,0.68,0.79,0.68,0.71,0.78,0.55,0.78,0.54,0.49,0.50,0.97,0.94,1.00,0.68,0.85,0.82
okdZnQbLnf8.004_0602.jpg,0.29,0.34,0.55,0.90,0.89,0.90,0.85,0.90,1.00,0.60,0.51,0.52,0.65,0.68,0.51,0.66,0.78,0.59
okl467xvgOw.001_0469.jpg,0.94,0.82,0.72,0.78,0.90,0.83,0.86,0.82,0.82,1.00,0.87,0.99,0.81,0.71,0.87,0.41,0.39,0.21
oLO05QNhhGg.000_0117.jpg,0.76,0.91,1.00,0.72,0.84,0.70,0.49,0.76,0.55,0.43,0.66,0.71,0.65,0.81,0.75,0.51,0.59,0.58
oLO05QNhhGg.005_0650.jpg,0.22,0.23,0.39,0.60,0.65,0.57,0.71,0.67,0.75,0.88,0.90,0.95,0.70,0.69,0.73,0.57,0.47,0.62
OMHlfDF99Mw.000_0261.jpg,0.63,0.59,0.39,0.47,0.54,0.44,0.52,0.38,0.45,0.21,0.37,0.46,1.00,0.88,0.72,0.49,0.66,0.41
omQ5CGXJKS8.002_0459.jpg,0.42,0.55,0.53,0.46,0.53,0.52,0.62,0.41,0.37,0.61,0.39,0.50,0.74,0.71,0.72,0.47,0.30,0.53
OmXuhT4yJpo.005_0552.jpg,0.57,0.77,0.81,0.42,0.40,0.37,0.39,0.23,0.49,0.46,0.69,0.62,0.82,0.67,0.76,0.58,0.32,0.34
oqXx6ipHfUE.005_0227.jpg,0.27,0.40,0.46,0.65,0.66,0.52,0.86,0.90,1.00,0.40,0.44,0.26,0.91,1.00,0.89,0.46,0.49,0.34
orlXEgAepGo.000_0126.jpg,0.42,0.62,0.32,0.39,0.40,0.44,0.77,0.74,0.96,0.32,0.36,0.54,0.44,0.37,0.42,0.44,0.34,0.39
Os7L5C-i9Fw.003_0020.jpg,0.46,0.53,0.39,0.75,0.82,0.72,0.64,0.47,0.43,0.65,0.65,0.56,0.68,0.53,0.68,0.92,0.75,0.78
Os7L5C-i9Fw.004_0591.jpg,0.46,0.46,0.34,0.76,0.73,0.85,0.56,0.41,0.56,0.47,0.47,0.64,0.82,0.80,0.83,0.30,0.49,0.46
osqQpQsJNPQ.000_0447.jpg,0.50,0.49,0.66,0.55,0.72,0.47,0.69,0.48,0.63,0.33,0.31,0.27,0.45,0.45,0.69,0.89,0.81,0.61
oU7zAWm_01o.004_0525.jpg,0.92,0.63,0.87,0.80,0.96,0.75,0.59,0.66,0.64,0.85,0.97,0.84,0.86,0.85,0.82,0.68,0.71,0.71
OugdInDyt9s.005_0289.jpg,0.89,0.83,0.88,0.51,0.77,0.68,0.47,0.51,0.44,0.53,0.28,0.45,0.33,0.47,0.53,0.53,0.44,0.40
OWZ-qVZG14A.000_0255.jpg,0.52,0.52,0.50,0.67,0.70,0.46,0.86,0.89,0.83,0.81,1.00,0.87,0.61,0.53,0.41,0.98,0.82,0.78
OxaBanUE6KE.004_0212.jpg,1.00,0.82,1.00,0.57,0.47,0.32,0.47,0.43,0.62,0.54,0.41,0.44,0.30,0.45,0.22,0.19,0.44,0.19
oxw3nT9LSsg.000_0014.jpg,0.50,0.47,0.72,0.33,0.42,0.24,0.91,0.93,0.87,0.81,0.64,0.54,0.73,0.52,0.62,1.00,0.90,0.89
oYiWW-Qc0rs.000_0129.jpg,0.57,0.40,0.50,0.36,0.20,0.48,0.89,0.87,0.70,0.65,0.71,0.72,0.33,0.25,0.28,0.43,0.49,0.55
oYiWW-Qc0rs.002_0307.jpg,0.47,0.52,0.48,0.28,0.40,0.43,0.50,0.71,0.60,0.87,0.79,0.79,0.40,0.49,0.25,0.82,0.72,0.62
oYiWW-Qc0rs.005_0416.jpg,0.49,0.41,0.41,0.94,0.89,0.84,0.87,0.87,0.96,0.48,0.42,0.67,0.76,0.77,0.84,0.86,0.85,0.87
P0a209IS614.005_0048.jpg,0.26,0.17,0.23,0.74,0.80,0.85,0.62,0.58,0.61,0.54,0.52,0.56,0.83,0.65,0.73,0.81,0.87,0.92
P0ZzjnS8E24.000_0326.jpg,0.63,0.70,0.81,0.40,0.56,0.45,0.91,0.91,0.80,0.35,0.43,0.41,0.69,0.87,0.78,0.42,0.60,0.63
p5QXPhJS8Ks.000_0628.jpg,0.44,0.60,0.58,1.00,0.92,0.95,1.00,0.97,0.93,0.66,0.49,0.68,0.55,0.51,0.35,0.78,0.85,0.58
p5v75vAZ7F0.005_0305.jpg,0.58,0.64,0.64,0.43,0.41,0.49,0.93,0.81,0.85,0.40,0.43,0.34,0.41,0.34,0.42,0.71,0.56,0.75
P63CUj9KnSw.001_0595.jpg,0.74,0.92,0.89,0.56,0.61,0.65,0.98,0.87,0.95,0.52,0.53,0.60,0.36,0.36,0.43,0.48,0.44,0.36
P6g1mZ3f76U.002_0062.jpg,0.73,0.78,0.52,0.55,0.68,0.68,0.46,0.42,0.46,0.33,0.46,0.21,0.45,0.44,0.58,0.64,0.80,0.62
p6UMx8dwHZQ.003_0091.jpg,0.94,0.77,0.89,0.97,0.93,0.79,0.57,0.75,0.64,0.80,0.95,0.82,0.63,0.48,0.50,0.47,0.72,0.51
p_kPnCD7WzU.002_0167.jpg,0.43,0.36,0.46,0.64,0.70,0.87,0.46,0.45,0.47,0.85,0.86,0.92,0.79,0.73,0.65,0.83,1.00,0.99
PgpMUHH8lEI.000_0682.jpg,0.58,0.39,0.43,0.63,0.65,0.82,0.89,1.00,0.92,0.90,0.91,0.99,0.26,0.32,0.43,0.55,0.58,0.45
PgpMUHH8lEI.004_0104.jpg,0.62,0.62,0.49,0.36,0.33,0.44,0.95,1.00,1.00,0.23,0.17,0.31,0.52,0.71,0.66,0.88,0.76,1.00
pHCPbKprJGY.001_0265.jpg,0.84,0.82,0.79,0.43,0.48,0.52,0.76,0.97,0.90,0.93,0.80,0.96,0.51,0.66,0.45,0.68,0.65,0.60
phjVMKGYBKs.005_0171.jpg,0.71,0.97,0.78,0.77,0.61,0.56,1.00,0.99,1.00,0.36,0.45,0.46,0.70,0.84,0.81,0.45,0.21,0.34
PHUlL5ZzX5U.005_0574.jpg,0.93,0.89,1.00,0.84,0.72,0.79,0.43,0.58,0.47,1.00,1.00,0.80,0.24,0.30,0.29,0.59,0.59,0.68
PHv6CzBIC5E.005_0148.jpg,0.33,0.40,0.58,0.38,0.39,0.42,0.96,1.00,0.96,0.80,0.63,0.75,0.85,0.92,0.77,0.46,0.55,0.28
pJGLxS81YBc.004_0080.jpg,0.50,0.48,0.45,0.77,0.56,0.59,0.30,0.39,0.37,0.94,0.88,0.94,0.43,0.46,0.36,0.74,0.69,0.59
Pkgi4--hwfo.005_0346.jpg,0.45,0.49,0.39,0.72,0.53,0.55,0.53,0.71,0.66,0.77,0.84,0.70,0.86,0.78,0.70,0.93,0.74,0.96
pljK0DEusA0.003_0001.jpg,0.70,0.87,0.78,0.74,0.56,0.62,0.64,0.62,0.46,0.77,0.74,0.60,0.55,0.47,0.66,0.47,0.61,0.58
Pn_LNsSsm58.005_0495.jpg,0.69,0.65,0.89,0.75,0.64,0.76,0.93,0.88,0.86,0.32,0.48,0.53,0.62,0.64,0.62,0.82,0.71,0.62
pOBn7AuGIuI.003_0334.jpg,0.59,0.57,0.42,0.69,0.79,0.51,0.74,0.80,0.61,0.77,0.78,0.88,0.51,0.67,0.68,0.50,0.44,0.67
pOtWKOF07iU.002_0449.jpg,0.69,0.91,0.76,0.18,0.38,0.24,0.52,0.58,0.61,0.42,0.38,0.60,1.00,0.96,0.86,0.74,0.95,0.86
pOtWKOF07iU.003_0473.jpg,0.55,0.64,0.77,0.71,0.67,0.63,0.69,0.77,0.68,0.43,0.48,0.47,0.66,0.58,0.64,0.93,0.81,0.90
pOtWKOF07iU.004_0224.jpg,0.75,0.78,1.00,0.29,0.36,0.27,0.68,0.51,0.58,0.48,0.58,0.66,0.61,0.65,0.46,0.31,0.37,0.33
pQy4omHIf7o.003_0370.jpg,0.62,0.73,0.72,0.26,0.52,0.54,0.29,0.37,0.39,0.74,0.64,0.69,0.99,0.90,1.00,0.50,0.66,0.60
PReOtefm17s.005_0287.jpg,0.67,0.42,0.44,0.58,0.79,0.78,0.81,0.78,0.93,0.56,0.40,0.52,0.97,0.87,1.00,0.52,0.50,0.33
PRplbrM70sg.004_0051.jpg,0.73,0.86,0.86,0.20,0.33,0.22,0.78,0.79,0.75,0.47,0.48,0.42,0.55,0.81,0.78,0.75,0.88,0.79
puLXzqUvm_U.001_0108.jpg,0.80,0.58,0.56,0.47,0.36,0.48,0.45,0.46,0.39,0.75,0.95,0.82,0.90,0.89,0.80,0.49,0.62,0.41
puLXzqUvm_U.004_0593.jpg,0.50,0.46,0.51,0.65,0.84,0.63,0.59,0.68,0.56,0.92,0.98,0.92,0.83,0.86,0.75,0.70,0.44,0.68
PWAe9M2SxT8.004_0502.jpg,0.55,0.61,0.64,0.89,0.79,0.88,0.48,0.35,0.59,1.00,0.86,0.87,0.72,0.53,0.66,0.80,0.68,0.73
PyPFJWirPjs.000_0526.jpg,0.36,0.31,0.41,0.55,0.80,0.54,0.45,0.36,0.37,0.48,0.33,0.29,0.92,1.00,0.90,0.79,0.59,0.80
Q0C0OU-j4DA.001_0460.jpg,0.75,0.53,0.50,0.69,0.76,0.84,0.99,0.79,0.78,0.88,0.82,0.83,0.87,0.84,0.91,0.68,0.81,0.81
Q2AI4XpApFs.002_0693.jpg,0.60,0.63,0.59,0.29,0.50,0.49,0.53,0.58,0.57,0.60,0.43,0.66,0.39,0.43,0.33,0.61,0.59,0.65
Q5h34e5xM0Q.000_0033.jpg,0.59,0.59,0.51,0.40,0.54,0.40,0.81,1.00,0.79,0.68,0.86,0.69,0.80,0.73,0.76,0.38,0.28,0.49
qBG1mjC7Zgg.005_0337.jpg,0.55,0.59,0.53,0.24,0.27,0.30,0.94,0.86,1.00,0.55,0.54,0.48,0.72,0.50,0.55,0.87,1.00,0.81
QBZieJiOl1w.004_0498.jpg,0.44,0.34,0.35,0.52,0.61,0.68,0.71,0.88,0.87,0.60,0.52,0.61,0.60,0.38,0.42,0.92,0.85,0.86
qfL0ml0f84g.004_0174.jpg,0.84,0.73,0.72,0.64,0.62,0.67,1.00,1.00,0.99,0.63,0.54,0.68,0.74,0.87,0.82,0.72,0.98,0.97
qktahyrtrFs.000_0076.jpg,0.74,0.83,0.92,0.43,0.41,0.68,0.93,0.81,0.74,0.40,0.22,0.26,0.73,0.85,0.86,0.39,0.39,0.44
QlkTEWrSCBs.000_0115.jpg,0.71,0.58,0.65,0.72,0.87,0.84,0.93,0.88,0.77,0.39,0.60,0.42,0.86,0.78,0.78,0.56,0.52,0.58
qoZwA4ESb7g.003_0466.jpg,0.29,0.34,0.45,0.87,1.00,0.97,0.98,0.90,0.96,0.46,0.39,0.39,1.00,1.00,1.00,0.59,0.61,0.75
qrjx2kxg6M4.002_0039.jpg,0.58,0.35,0.33,0.34,0.43,0.40,0.78,0.74,0.67,0.47,0.30,0.22,0.81,0.74,0.70,0.51,0.51,0.34
qsb1j9bEENs.002_0374.jpg,0.75,0.86,0.84,0.34,0.48,0.25,0.55,0.49,0.53,0.28,0.53,0.37,0.72,0.63,0.63,1.00,1.00,0.93
Qu81v9Aybv4.005_0257.jpg,0.96,0.93,0.88,0.72,0.77,0.89,0.74,0.85,0.89,1.00,1.00,1.00,0.36,0.49,0.42,0.77,0.77,0.95
QuwVzi2tQrQ.005_0315.jpg,0.60,0.74,0.56,0.99,0.75,0.98,0.79,1.00,0.90,0.51,0.55,0.28,0.76,0.65,0.54,0.75,0.91,0.64
qVcw5-mm31s.005_0429.jpg,0.36,0.60,0.47,0.50,0.58,0.68,0.40,0.28,0.25,0.84,0.70,0.68,0.68,0.91,0.74,0.74,0.84,0.84
qyzuaettjU8.001_0519.jpg,0.56,0.58,0.56,0.42,0.36,0.44,0.98,0.92,0.73,0.78,0.88,0.68,0.47,0.48,0.49,0.51,0.35,0.31
R6NTuhZtOks.003_0164.jpg,0.78,0.91,0.94,0.76,0.79,0.81,0.76,0.92,0.87,0.43,0.57,0.53,0.55,0.69,0.62,0.75,0.92,0.77
R_LJX7wszPY.000_0030.jpg,0.45,0.55,0.66,0.63,0.74,0.72,0.21,0.43,0.44,0.77,0.91,0.96,0.86,0.92,0.96,0.42,0.31,0.22
rGNeR3p1jKU.001_0686.jpg,0.85,0.99,0.70,0.94,0.80,0.79,0.77,0.69,0.73,0.97,0.89,0.89,0.64,0.83,0.77,0.24,0.38,0.42
rIRBEkDhn6Q.005_0699.jpg,0.78,0.84,0.82,0.86,1.00,1.00,0.76,0.72,0.76,0.88,0.91,0.89,0.44,0.62,0.39,0.23,0.38,0.46
Rp_gyvKE4hI.005_0061.jpg,0.68,0.78,0.84,0.70,0.85,0.80,0.68,0.68,0.60,0.36,0.25,0.44,0.56,0.52,0.68,0.71,0.75,0.66
RsYSOFRFszk.001_0037.jpg,0.63,0.57,0.46,0.79,0.95,0.98,0.30,0.30,0.30,0.86,0.79,0.86,0.77,0.67,0.81,0.23,0.45,0.37
rTG9gtci67c.002_0427.jpg,0.54,0.62,0.59,0.80,0.92,0.76,0.48,0.27,0.35,0.99,1.00,1.00,0.76,0.75,0.77,0.40,0.24,0.36
rvB9DYAKHpk.002_0601.jpg,0.74,0.77,0.80,0.44,0.28,0.22,0.63,0.64,0.76,0.72,0.61,0.66,0.33,0.36,0.45,0.24,0.33,0.36
RWhyKkFI3zw.001_0540.jpg,0.59,0.73,0.77,0.58,0.58,0.75,0.94,0.68,0.82,0.85,0.94,0.77,0.85,0.97,0.83,0.83,0.86,0.93
rwinPicu_aw.001_0283.jpg,0.60,0.77,0.67,0.54,0.71,0.67,0.76,0.54,0.69,0.65,0.58,0.49,0.71,0.86,0.92,0.59,0.57,0.49
S-jhg6Y5OrE.001_0689.jpg,0.94,0.82,0.80,0.89,0.80,0.91,0.84,0.88,0.81,0.51,0.31,0.44,0.93,0.98,0.85,0.96,1.00,0.91
s0pgZM5G6ds.003_0006.jpg,0.74,0.76,0.78,0.43,0.46,0.36,0.87,0.75,0.75,0.18,0.20,0.21,0.92,0.79,0.68,0.77,0.86,0.64
SCnQFpdklMg.001_0328.jpg,0.61,0.47,0.66,0.73,0.67,0.52,0.64,0.58,0.54,0.74,0.53,0.55,0.49,0.20,0.48,0.34,0.59,0.48
sDfU1gixDmM.000_0340.jpg,0.76,0.83,0.92,1.00,0.90,0.95,0.67,0.72,0.74,0.53,0.65,0.58,1.00,0.92,0.76,0.61,0.38,0.37
Sdqg-jn_tBk.001_0683.jpg,0.19,0.38,0.41,0.50,0.71,0.67,0.50,0.40,0.44,0.71,0.48,0.60,0.82,0.87,0.66,0.80,0.73,0.89
sDWJMBZ1mVA.002_0332.jpg,0.85,0.56,0.74,1.00,1.00,0.94,0.41,0.61,0.44,0.31,0.40,0.40,0.83,0.56,0.62,0.93,0.79,0.74
sDWJMBZ1mVA.003_0186.jpg,0.66,0.71,0.76,0.41,0.42,0.45,0.87,0.80,1.00,0.91,0.85,0.72,0.55,0.30,0.47,0.66,0.47,0.38
SEELGB_-uWU.005_0251.jpg,0.98,0.91,0.80,0.21,0.22,0.26,0.74,1.00,0.86,0.88,0.78,0.65,0.44,0.61,0.58,0.54,0.58,0.58
SG2QAh_50ek.005_0678.jpg,0.54,0.70,0.60,0.85,0.89,0.76,0.68,0.51,0.67,0.58,0.56,0.57,0.20,0.32,0.37,0.90,0.92,0.90
shAhNNV-zHA.001_0417.jpg,0.31,0.46,0.42,0.23,0.34,0.37,0.92,0.98,0.80,0.44,0.37,0.48,0.62,0.72,0.64,0.67,0.46,0.51
shEsu57CYnA.003_0503.jpg,0.80,0.89,0.99,0.49,0.40,0.45,0.45,0.45,0.28,0.74,0.69,0.59,0.84,0.82,0.89,0.52,0.32,0.53
shtirfEzWFA.002_0034.jpg,0.75,0.65,0.74,0.54,0.63,0.54,0.76,0.76,0.88,0.73,0.70,0.59,0.56,0.73,0.48,1.00,1.00,0.83
SI93csgHMTk.004_0684.jpg,1.00,0.95,0.70,0.68,0.68,0.92,0.62,0.56,0.55,0.33,0.31,0.53,0.86,0.80,0.98,0.83,0.77,0.97
sNs4yCA11wk.000_0669.jpg,0.70,0.53,0.69,0.64,0.48,0.47,0.86,1.00,1.00,0.95,0.76,0.85,0.36,0.31,0.37,0.46,0.43,0.27
sNs4yCA11wk.001_0481.jpg,0.33,0.33,0.40,0.73,0.60,0.84,0.72,0.64,0.67,0.70,0.65,0.49,0.44,0.70,0.69,0.60,0.71,0.64
sntohi33U5s.000_0223.jpg,0.91,0.87,0.98,0.18,0.24,0.26,0.57,0.64,0.49,0.44,0.56,0.42,0.59,0.53,0.33,0.31,0.48,0.48
sPMNhG1Sehc.004_0216.jpg,0.86,0.92,0.99,0.48,0.43,0.62,0.94,0.93,0.74,0.40,0.51,0.48,0.68,0.75,0.67,0.48,0.69,0.63
SUI6WNryjqw.000_0191.jpg,0.88,0.76,0.89,0.97,0.81,0.82,0.43,0.54,0.63,0.36,0.35,0.32,0.62,0.62,0.54,0.56,0.50,0.42
SxRNdq2nGN0.002_0433.jpg,0.77,0.97,0.90,0.66,0.59,0.51,0.16,0.16,0.31,0.83,1.00,0.94,0.83,0.77,0.64,0.85,0.78,0.88
t3A2UMN3JeE.003_0571.jpg,0.47,0.46,0.46,0.50,0.55,0.44,0.64,0.57,0.62,0.59,0.54,0.57,1.00,0.88,0.93,0.63,0.43,0.55
T4eZ81aJwJI.003_0658.jpg,0.87,0.83,0.89,0.64,0.81,0.83,0.26,0.49,0.32,0.48,0.53,0.40,0.29,0.33,0.55,0.57,0.60,0.68
T4eZ81aJwJI.005_0031.jpg,0.81,0.67,0.65,0.55,0.63,0.52,0.34,0.40,0.41,0.66,0.76,0.65,0.93,0.79,0.75,0.84,0.75,0.61
t899haDGi38.004_0611.jpg,0.51,0.65,0.49,0.71,0.91,0.82,0.60,0.38,0.51,0.88,0.81,0.88,0.39,0.43,0.33,1.00,1.00,0.92
t9wFHk9TM-U.003_0556.jpg,0.61,0.56,0.59,0.47,0.56,0.66,0.33,0.28,0.33,0.86,0.74,0.92,0.35,0.49,0.55,0.32,0.45,0.42
Tad9Q9OFjJw.002_0268.jpg,0.60,0.53,0.57,0.47,0.48,0.68,0.41,0.48,0.38,0.87,1.00,0.92,0.88,0.73,0.63,0.44,0.29,0.50
TaL5JleXDP8.003_0149.jpg,0.54,0.67,0.68,0.90,0.81,0.95,0.50,0.43,0.37,0.88,0.98,0.85,0.22,0.49,0.48,0.45,0.60,0.40
taSAaWKcmTw.005_0401.jpg,0.61,0.72,0.76,0.55,0.53,0.49,0.78,0.67,0.86,0.63,0.72,0.81,0.37,0.38,0.31,0.66,0.87,0.75
TEGJrmNFvXY.001_0086.jpg,0.45,0.61,0.59,0.86,0.85,0.58,0.49,0.25,0.24,0.61,0.56,0.59,0.65,0.71,0.51,0.55,0.71,0.52
THO-md3eEkA.000_0414.jpg,0.85,0.72,0.72,0.87,0.92,1.00,0.96,0.72,0.83,0.88,0.83,0.79,0.53,0.66,0.68,0.61,0.73,0.60
tiVKJWLzmk4.000_0648.jpg,0.65,0.67,0.59,0.96,0.95,0.74,0.54,0.62,0.54,0.90,0.83,0.76,0.62,0.78,0.71,0.30,0.30,0.33
tiVKJWLzmk4.001_0654.jpg,0.32,0.42,0.23,0.69,0.57,0.54,0.96,1.00,0.94,0.49,0.62,0.54,0.70,0.94,0.85,0.41,0.53,0.45
TJD__22fOr0.000_0199.jpg,1.00,0.93,1.00,0.82,1.00,0.90,0.74,0.75,0.53,0.84,0.67,0.85,0.58,0.42,0.52,0.38,0.57,0.40
TmpP2fXeVtk.000_0114.jpg,0.56,0.52,0.65,0.60,0.55,0.60,0.45,0.47,0.41,0.50,0.29,0.29,0.34,0.19,0.45,0.53,0.51,0.71
TNjEJGdqmH0.002_0674.jpg,0.60,0.59,0.71,1.00,0.80,0.93,0.27,0.50,0.26,1.00,1.00,0.82,0.45,0.61,0.47,0.60,0.64,0.53
tomb22yfjTc.002_0084.jpg,0.91,0.79,0.79,0.31,0.37,0.44,0.46,0.25,0.44,0.52,0.59,0.53,0.47,0.50,0.59,0.36,0.48,0.41
TQHzCznQ14Y.000_0619.jpg,0.83,0.81,0.88,0.91,0.88,0.77,0.79,0.86,0.94,0.52,0.67,0.64,0.47,0.51,0.36,0.78,0.63,0.68
TQHzCznQ14Y.003_0070.jpg,0.44,0.47,0.33,0.60,0.68,0.77,0.58,0.67,0.49,0.82,0.83,0.95,0.47,0.24,0.31,0.78,0.96,0.75
TSGpD2NBeCQ.002_0290.jpg,0.89,0.92,0.74,0.38,0.29,0.36,0.21,0.29,0.28,0.60,0.79,0.64,0.79,0.77,1.00,0.19,0.34,0.27
TUaOp5eIU2c.001_0046.jpg,0.33,0.40,0.18,0.27,0.29,0.43,0.68,0.86,0.78,0.48,0.54,0.58,0.38,0.29,0.20,0.57,0.73,0.58
tvKUJujTUEo.005_0240.jpg,0.96,0.97,0.74,0.50,0.69,0.77,0.62,0.59,0.56,0.82,0.77,0.82,1.00,0.95,0.95,0.56,0.33,0.39
tw6lY2ptkvo.002_0017.jpg,0.28,0.18,0.22,0.26,0.32,0.41,0.63,0.72,0.75,1.00,0.79,0.97,0.73,0.94,0.88,0.75,0.80,0.55
u2XbiBuuxyI.001_0378.jpg,0.53,0.42,0.60,0.54,0.44,0.55,0.55,0.37,0.36,0.79,0.77,0.72,0.33,0.16,0.26,0.51,0.42,0.63
u50B6bIkN9g.000_0599.jpg,0.64,0.66,0.61,0.56,0.50,0.65,0.40,0.46,0.32,0.99,0.80,1.00,0.44,0.30,0.25,0.82,0.84,0.74
U9cidDFDTQE.004_0420.jpg,0.61,0.68,0.76,0.52,0.41,0.60,0.62,0.62,0.60,0.52,0.67,0.68,0.73,0.71,0.69,0.36,0.33,0.36
ua5c716lu5s.003_0368.jpg,0.51,0.51,0.35,0.88,0.70,0.79,0.72,0.86,0.71,0.75,1.00,1.00,0.53,0.51,0.56,0.72,0.78,0.55
ua5c716lu5s.004_0496.jpg,0.38,0.42,0.51,0.74,0.85,0.87,0.90,0.88,0.80,0.38,0.50,0.33,0.78,0.59,0.75,0.71,0.91,0.74
UANQntvIqVk.000_0327.jpg,1.00,0.95,0.94,0.86,0.76,0.79,0.55,0.71,0.60,0.81,0.74,0.65,0.86,0.78,0.63,0.59,0.76,0.73
UANQntvIqVk.004_0377.jpg,0.56,0.57,0.50,0.82,0.90,0.75,0.19,0.20,0.46,0.66,0.75,0.70,0.91,0.93,0.86,0.19,0.36,0.37
uATtAHyVSMM.002_0548.jpg,0.55,0.34,0.29,0.36,0.25,0.38,0.73,0.84,0.77,0.67,0.46,0.60,0.78,0.64,0.81,0.43,0.46,0.45
UcyjGGEBn30.005_0477.jpg,0.75,0.65,0.69,0.33,0.25,0.50,0.63,0.72,0.77,0.73,0.78,0.75,0.90,0.90,0.93,1.00,0.98,0.96
udn-L92wdn8.000_0488.jpg,0.57,0.55,0.47,1.00,1.00,0.80,0.51,0.55,0.49,0.73,0.83,0.84,0.62,0.62,0.62,0.46,0.62,0.51
uf_sIIw4zxY.005_0220.jpg,0.72,0.88,0.73,0.88,1.00,0.78,0.83,1.00,0.77,0.50,0.43,0.38,0.60,0.48,0.64,0.94,0.82,1.00
UGsr6Vnqf7I.003_0536.jpg,0.55,0.71,0.70,0.77,0.77,0.74,0.57,0.46,0.56,0.45,0.63,0.63,0.83,0.65,0.80,0.33,0.38,0.42
uHrP02iwW1o.000_0111.jpg,1.00,0.81,0.81,0.87,0.59,0.86,0.66,0.72,0.77,0.84,0.87,0.69,0.45,0.40,0.31,0.88,0.99,0.89
Ui1ajQU5Ib8.005_0009.jpg,0.64,0.86,0.74,0.39,0.55,0.61,1.00,0.94,0.93,0.79,0.81,0.89,0.84,0.61,0.70,0.49,0.40,0.35
UKHSKkb0V1o.003_0403.jpg,0.68,0.74,0.59,0.79,0.65,0.79,0.49,0.43,0.36,0.75,0.69,0.71,0.76,0.92,0.99,0.64,0.63,0.70
uMCRfie1lkc.001_0359.jpg,0.78,0.57,0.70,0.99,0.80,0.76,0.94,0.99,0.79,0.96,0.88,1.00,0.76,0.68,0.73,0.43,0.45,0.47
UoC_4qi_m9c.003_0692.jpg,0.77,0.83,0.97,0.91,0.85,0.91,0.98,1.00,1.00,0.51,0.69,0.73,0.39,0.34,0.46,0.44,0.50,0.42
UOvgGSx9k_k.003_0480.jpg,0.49,0.73,0.58,0.47,0.59,0.69,0.95,0.81,0.90,0.31,0.44,0.38,0.81,0.83,0.75,0.35,0.45,0.48
UQeuBvZNusI.003_0664.jpg,0.75,0.64,0.73,0.40,0.28,0.36,0.63,0.40,0.69,0.67,0.71,0.62,0.50,0.42,0.59,0.29,0.30,0.39
UrOamWOcOwQ.002_0620.jpg,0.42,0.48,0.38,0.93,0.97,0.98,0.52,0.45,0.62,0.27,0.25,0.29,0.85,0.96,0.96,0.82,0.65,0.84
UrOamWOcOwQ.003_0587.jpg,0.39,0.51,0.39,0.82,0.90,0.78,0.51,0.30,0.33,0.73,0.82,0.67,0.66,0.63,0.39,0.97,0.98,1.00
UrOamWOcOwQ.004_0012.jpg,0.64,0.46,0.56,0.36,0.26,0.39,0.57,0.80,0.79,0.30,0.45,0.50,0.50,0.56,0.67,0.35,0.47,0.33
uRY3aJAaogw.001_0534.jpg,0.57,0.70,0.67,0.53,0.51,0.48,0.45,0.39,0.42,0.28,0.41,0.38,0.56,0.43,0.39,0.85,0.86,0.82
UtVo107m5lg.002_0646.jpg,0.92,0.85,0.92,0.54,0.46,0.42,0.78,0.53,0.73,0.29,0.50,0.53,0.35,0.44,0.42,0.41,0.61,0.45
uwUkp63db18.004_0430.jpg,0.52,0.64,0.39,0.45,0.32,0.36,0.35,0.40,0.53,0.35,0.48,0.44,0.43,0.33,0.32,0.57,0.71,0.58
UWVOT3YPQH4.001_0292.jpg,0.27,0.48,0.44,0.46,0.62,0.63,0.60,0.51,0.36,0.81,0.80,0.70,0.31,0.40,0.47,0.62,0.60,0.42
V1TjmLtgNm0.005_0019.jpg,0.37,0.51,0.35,0.56,0.61,0.65,0.95,1.00,0.91,0.77,1.00,0.89,0.93,0.71,0.74,0.58,0.47,0.37
V2nvyZB-JNM.002_0226.jpg,0.36,0.35,0.47,0.59,0.49,0.56,0.73,0.77,0.64,0.37,0.28,0.38,0.70,0.67,0.73,0.95,0.74,0.97
VA5XjOaBH0Y.000_0189.jpg,0.81,0.95,0.93,0.90,0.94,0.95,0.66,0.90,0.66,0.96,0.91,0.83,0.61,0.53,0.54,0.52,0.63,0.48
vAEqpUwBMJQ.005_0092.jpg,0.61,0.66,0.66,0.76,0.57,0.77,0.59,0.65,0.58,0.80,0.89,0.74,0.91,0.95,0.97,0.57,0.62,0.51
Vd9biSOZ5CI.002_0281.jpg,0.69,0.50,0.58,0.84,0.65,0.61,0.49,0.53,0.68,0.69,0.78,0.75,0.73,0.93,0.72,0.80,0.63,0.75
vE9XgQL7DGE.004_0109.jpg,0.61,0.54,0.61,0.86,0.82,0.71,0.55,0.57,0.50,0.57,0.59,0.66,0.70,0.96,0.94,0.38,0.34,0.46
VForU0EmBr0.000_0161.jpg,0.42,0.65,0.52,0.63,0.80,0.69,0.31,0.41,0.40,0.85,0.68,0.62,0.26,0.29,0.27,0.42,0.68,0.55
VIhStXxpAr0.001_0248.jpg,0.55,0.76,0.76,0.54,0.50,0.53,0.88,0.76,0.84,0.42,0.26,0.19,0.33,0.39,0.55,0.78,0.77,0.72
VIhStXxpAr0.003_0003.jpg,0.85,0.97,0.83,0.39,0.65,0.63,0.91,0.73,0.88,0.24,0.40,0.42,0.93,0.73,0.88,0.36,0.22,0.21
vJDx6TCX32M.001_0243.jpg,0.58,0.85,0.72,0.94,0.92,0.81,0.31,0.42,0.30,0.89,1.00,0.94,0.88,0.85,0.97,0.71,0.63,0.65
VM409fZmJE0.000_0302.jpg,0.61,0.65,0.79,0.25,0.26,0.42,0.80,0.56,0.74,0.69,0.71,0.74,0.59,0.60,0.46,0.74,0.64,0.54
vMtF0akNUK4.002_0252.jpg,0.81,0.79,0.86,0.35,0.35,0.39,0.77,0.83,0.80,0.61,0.43,0.69,0.40,0.36,0.52,0.47,0.30,0.47
vNEs2yGe77s.000_0695.jpg,0.61,0.81,0.78,0.54,0.68,0.71,0.40,0.40,0.56,0.69,0.65,0.58,0.45,0.44,0.49,0.75,0.77,0.76
VNK6LQHh25w.004_0081.jpg,0.86,0.90,0.87,0.32,0.27,0.39,0.77,0.90,0.79,0.65,0.61,0.73,0.85,1.00,0.84,0.66,0.52,0.67
VnUkBYQkJms.003_0445.jpg,0.85,0.75,0.78,0.36,0.63,0.51,0.67,0.68,0.50,0.37,0.24,0.43,0.70,0.58,0.78,0.87,0.93,0.82
voSLxKtKr0Q.000_0629.jpg,0.64,0.60,0.51,0.37,0.38,0.28,0.99,0.76,0.77,0.28,0.28,0.32,0.46,0.57,0.70,0.28,0.36,0.48
voSLxKtKr0Q.005_0396.jpg,0.85,0.86,0.80,0.69,0.80,0.95,0.32,0.46,0.45,0.31,0.31,0.31,0.81,0.82,0.91,0.98,0.85,0.78
VPFrKx72gvo.002_0494.jpg,0.91,0.89,0.85,0.19,0.42,0.17,0.53,0.51,0.72,0.27,0.35,0.26,0.73,0.67,0.76,0.27,0.27,0.19
vqF65-bFHKM.004_0023.jpg,0.33,0.28,0.36,0.94,0.83,0.96,0.73,0.66,0.49,0.55,0.28,0.55,0.86,0.96,0.89,0.89,0.76,0.84
vqLtOsoNPnU.002_0258.jpg,0.25,0.32,0.28,0.81,0.72,0.83,0.89,0.67,0.63,0.52,0.71,0.56,0.83,0.78,0.55,0.55,0.49,0.61
VRjJxTqOJyo.001_0182.jpg,0.86,0.90,0.74,0.39,0.30,0.39,0.29,0.36,0.38,0.50,0.53,0.54,0.56,0.39,0.45,0.36,0.44,0.53
VsY6jAlvb9o.000_0381.jpg,0.69,0.74,0.57,1.00,1.00,1.00,0.40,0.29,0.51,0.92,0.73,0.65,0.33,0.27,0.44,0.33,0.51,0.27
VTrqCDYHVqU.001_0336.jpg,0.77,0.71,0.72,0.50,0.65,0.70,0.89,0.87,0.96,0.81,1.00,1.00,0.81,0.57,0.75,0.43,0.56,0.49
VuadgOz6T7s.000_0135.jpg,0.24,0.34,0.20,0.77,0.68,0.74,0.69,0.74,0.66,0.53,0.56,0.42,0.88,1.00,1.00,0.83,0.68,0.73
VUgKH9DIs-8.000_0160.jpg,0.38,0.51,0.42,0.48,0.42,0.27,0.37,0.42,0.53,0.83,0.72,0.73,0.53,0.47,0.52,0.67,0.76,0.80
VugKq4gOi50.004_0245.jpg,0.36,0.56,0.35,0.31,0.47,0.40,0.94,0.97,0.79,0.70,0.64,0.80,0.58,0.58,0.68,1.00,0.89,0.91
VxtZDXM0cuQ.005_0639.jpg,0.17,0.31,0.43,0.24,0.22,0.26,0.74,0.90,0.83,0.75,0.65,0.61,1.00,0.82,1.00,0.40,0.66,0.43
Vy-Lr_iM5qo.001_0102.jpg,0.86,0.77,0.61,0.69,0.51,0.57,0.57,0.51,0.68,0.28,0.39,0.54,0.58,0.64,0.59,0.39,0.40,0.20
W0Ay5uul8j0.002_0239.jpg,0.83,0.71,0.77,0.81,0.91,0.73,0.48,0.38,0.52,0.67,0.67,0.78,0.31,0.26,0.34,0.45,0.59,0.55
W4tz3plvvKI.003_0335.jpg,0.72,0.63,0.69,0.45,0.49,0.74,0.68,0.86,0.87,0.53,0.56,0.53,0.44,0.58,0.62,0.99,1.00,0.91
w7O2QJu2Wl4.005_0116.jpg,0.57,0.47,0.36,0.78,0.87,0.92,0.32,0.45,0.21,0.85,0.77,0.97,0.43,0.57,0.59,0.35,0.36,0.33
W8NkAXNboT0.002_0130.jpg,0.95,0.98,0.92,0.85,0.74,0.80,0.38,0.54,0.47,0.45,0.40,0.29,0.52,0.62,0.63,0.76,0.76,0.59
w989xx44UQI.003_0700.jpg,0.97,0.99,0.97,0.97,0.71,0.88,0.58,0.51,0.59,0.38,0.46,0.36,0.63,0.60,0.46,0.32,0.37,0.44
WATt9OOVZh8.002_0518.jpg,0.28,0.35,0.29,0.51,0.50,0.53,1.00,0.98,0.83,0.76,0.93,0.90,0.69,0.59,0.69,0.80,0.88,1.00
Wby2oMliGz0.000_0162.jpg,0.42,0.47,0.32,1.00,0.85,1.00,0.61,0.44,0.33,0.86,0.95,0.78,0.94,0.92,1.00,0.76,0.74,0.77
WfCSCxADlrg.002_0260.jpg,0.32,0.34,0.40,0.63,0.45,0.42,0.38,0.40,0.53,0.48,0.43,0.54,0.32,0.30,0.30,0.68,0.93,0.89
wm94g-5Cg5s.004_0478.jpg,0.80,0.71,0.75,0.49,0.41,0.43,1.00,0.84,0.89,0.87,0.85,0.70,0.79,0.83,0.65,0.63,0.52,0.47
WMp0lsXbOqM.003_0057.jpg,0.48,0.55,0.47,0.61,0.74,0.53,0.78,1.00,0.97,0.75,0.82,0.56,0.98,0.82,0.78,0.32,0.24,0.46
wNH5FmWVr-M.001_0690.jpg,0.70,0.85,0.88,0.68,0.92,0.83,0.65,0.73,0.51,0.54,0.58,0.60,0.55,0.57,0.70,0.90,0.81,0.98
WT1YjeADatU.000_0584.jpg,0.61,0.41,0.57,0.96,0.79,0.75,0.42,0.27,0.40,0.56,0.63,0.65,0.97,0.79,0.98,0.23,0.36,0.17
WT1YjeADatU.003_0151.jpg,0.18,0.24,0.31,0.75,0.73,0.64,0.56,0.61,0.60,0.56,0.62,0.60,0.52,0.48,0.61,0.38,0.41,0.49
wTo1uZns2X8.005_0025.jpg,0.66,0.55,0.56,0.58,0.36,0.36,0.52,0.55,0.64,0.76,0.94,0.77,0.44,0.41,0.20,0.53,0.44,0.47
WuHLxhCSnGs.005_0636.jpg,0.62,0.85,0.74,0.67,0.64,0.83,0.53,0.55,0.48,0.28,0.48,0.53,0.49,0.53,0.67,0.99,0.80,0.97
WUNXs4r_xCU.002_0691.jpg,0.77,0.53,0.53,0.53,0.32,0.45,0.30,0.32,0.47,0.25,0.34,0.38,0.60,0.66,0.77,0.70,0.62,0.50
WuoQDp7pU24.002_0036.jpg,0.39,0.36,0.40,0.44,0.46,0.39,0.33,0.43,0.24,0.77,0.67,0.56,0.74,0.56,0.81,0.84,0.75,0.87
wVpjBxCirAQ.004_0535.jpg,0.40,0.24,0.40,0.38,0.41,0.45,0.60,0.61,0.63,0.32,0.36,0.51,0.46,0.33,0.18,0.59,0.73,0.69
WwGca41TJVU.002_0675.jpg,0.78,0.80,0.87,0.45,0.37,0.37,0.49,0.78,0.59,0.40,0.31,0.17,0.71,0.42,0.67,0.46,0.66,0.61
Wx_oe0SxD9w.000_0053.jpg,0.61,0.52,0.63,0.77,0.72,0.84,0.35,0.28,0.47,0.50,0.60,0.50,0.99,0.71,0.74,0.77,0.84,0.77
wYixHjntI-4.002_0366.jpg,0.69,0.63,0.64,0.52,0.43,0.49,0.68,0.78,0.60,0.30,0.42,0.26,0.47,0.36,0.22,0.37,0.40,0.52
WyLqK6wzYLU.000_0002.jpg,0.98,0.78,0.84,0.65,0.59,0.72,0.92,0.66,0.76,0.43,0.21,0.30,0.65,0.65,0.58,0.63,0.47,0.43
WZnLayQeIZ0.000_0644.jpg,0.68,0.78,0.61,0.75,0.87,0.97,0.81,1.00,0.79,0.26,0.40,0.33,0.57,0.50,0.60,0.43,0.31,0.41
X-i_eQ48DBw.000_0694.jpg,0.56,0.44,0.37,1.00,0.96,1.00,0.86,0.87,0.79,0.49,0.60,0.55,0.64,0.53,0.73,0.83,0.73,0.65
X1EjfXX3NTk.000_0295.jpg,0.90,0.90,1.00,0.77,0.83,0.84,0.55,0.69,0.64,0.93,0.83,0.91,0.61,0.72,0.44,0.69,0.63,0.65
X1EjfXX3NTk.004_0404.jpg,0.71,0.86,0.78,0.63,0.79,0.69,1.00,0.84,1.00,0.59,0.62,0.67,0.65,0.42,0.39,0.82,0.83,0.98
X5aKCrWf6a4.003_0016.jpg,0.79,0.98,1.00,0.40,0.46,0.45,0.72,0.71,0.75,0.41,0.33,0.27,0.75,0.92,0.72,0.46,0.51,0.38
X9AEEGzWSU8.003_0134.jpg,0.17,0.45,0.21,0.72,0.65,0.75,0.51,0.58,0.39,0.58,0.37,0.55,0.55,0.69,0.70,0.64,0.77,0.62
xbAb00tGeBQ.000_0418.jpg,0.97,0.83,0.76,0.57,0.60,0.69,0.80,0.60,0.58,0.48,0.38,0.37,0.82,0.61,0.66,0.85,0.61,0.86
XcEFSi3uaJM.000_0442.jpg,0.46,0.52,0.59,0.60,0.52,0.43,0.27,0.24,0.36,0.44,0.44,0.46,0.49,0.53,0.49,0.45,0.45,0.20
XcEFSi3uaJM.002_0069.jpg,0.54,0.55,0.52,0.39,0.40,0.34,0.30,0.39,0.32,0.39,0.41,0.63,0.56,0.70,0.63,0.37,0.46,0.36
xDjhf8wrNWQ.001_0643.jpg,0.92,0.96,0.81,0.52,0.64,0.53,0.75,0.76,0.90,0.82,1.00,0.81,0.71,0.63,0.57,0.60,0.62,0.39
xeE08Vn-HXI.001_0113.jpg,0.86,0.79,0.82,0.50,0.42,0.56,0.42,0.52,0.70,0.64,0.67,0.70,0.52,0.71,0.72,0.43,0.40,0.50
XEpdSMQfEOs.003_0580.jpg,0.49,0.38,0.41,0.35,0.45,0.43,0.72,0.64,0.53,0.34,0.53,0.44,0.49,0.52,0.42,0.50,0.52,0.38
XfK7WZ3skUM.001_0314.jpg,0.99,0.82,0.86,0.54,0.73,0.69,1.00,0.92,0.89,0.75,0.78,0.55,0.64,0.66,0.86,0.54,0.48,0.34
XfUqFt2amrM.000_0185.jpg,0.56,0.38,0.61,0.84,0.81,0.76,0.46,0.66,0.68,0.86,0.75,0.65,0.78,0.86,1.00,0.81,0.73,0.93
xgRqkTXmZko.000_0352.jpg,0.68,0.63,0.72,1.00,0.88,0.83,0.61,0.71,0.48,0.45,0.25,0.47,0.81,0.74,0.80,0.28,0.27,0.26
xLfLuyIQOJE.005_0487.jpg,0.51,0.73,0.48,0.94,0.77,0.86,0.74,0.66,0.81,0.49,0.49,0.70,0.42,0.48,0.54,0.55,0.37,0.55
XLKNGnpTO9k.005_0450.jpg,0.65,0.39,0.55,0.38,0.61,0.58,0.73,0.70,0.75,0.55,0.52,0.47,0.51,0.47,0.59,0.85,0.84,1.00
XLV7teADu3c.002_0350.jpg,0.76,0.89,0.87,0.40,0.49,0.51,0.36,0.39,0.46,0.63,0.69,0.55,0.38,0.48,0.51,0.41,0.27,0.46
xmD4FKMq2rk.001_0007.jpg,0.52,0.51,0.54,0.32,0.26,0.20,0.76,0.71,0.98,0.93,0.72,0.67,0.95,0.78,0.70,0.63,0.73,0.64
XOioICna1hc.005_0112.jpg,0.92,0.82,0.88,0.73,0.98,0.98,0.48,0.36,0.64,0.48,0.47,0.42,0.58,0.54,0.47,0.61,0.45,0.64
xP6i_WO1LCM.000_0564.jpg,0.70,0.70,0.61,0.27,0.37,0.39,0.87,1.00,0.80,0.69,0.56,0.66,0.82,0.92,0.91,0.86,0.85,0.67
XQ3do4LDFv8.003_0554.jpg,0.53,0.53,0.47,0.76,0.72,0.53,0.69,0.74,0.74,0.63,0.71,0.69,0.55,0.79,0.65,0.62,0.69,0.68
xRhUBifOWiI.000_0204.jpg,0.57,0.65,0.56,0.74,0.77,0.61,0.41,0.33,0.33,0.30,0.29,0.29,0.65,0.54,0.43,0.67,0.84,0.93
xrxAyO8pKUo.002_0247.jpg,0.34,0.42,0.45,0.91,0.94,0.76,0.75,0.81,0.80,0.58,0.44,0.36,0.69,0.77,0.82,0.66,0.83,0.84
xsLvl2qGrxU.000_0085.jpg,0.47,0.30,0.54,0.82,0.75,0.72,0.38,0.46,0.46,0.47,0.54,0.54,0.29,0.32,0.39,0.93,0.97,0.92
XvV4YdhpC2w.002_0044.jpg,0.58,0.58,0.64,0.83,0.84,1.00,0.92,0.79,0.80,0.71,0.59,0.61,1.00,0.87,1.00,0.58,0.76,0.80
xZ9iwqHw7GY.002_0685.jpg,0.48,0.33,0.40,0.69,0.76,0.94,0.54,0.38,0.50,0.47,0.59,0.58,0.95,0.91,1.00,0.86,0.82,0.80
xzRYaxrhne8.003_0152.jpg,0.32,0.30,0.38,0.51,0.29,0.32,0.35,0.29,0.53,0.65,0.85,0.91,0.81,0.67,0.76,0.86,0.79,0.97
y6sy0HBe-Zs.000_0474.jpg,0.66,0.40,0.55,0.60,0.67,0.70,1.00,1.00,0.98,0.41,0.32,0.26,0.55,0.51,0.58,0.87,0.71,0.79
y7MEVu2nyes.001_0267.jpg,0.80,0.89,0.75,0.69,0.82,0.62,0.59,0.68,0.52,0.73,0.87,0.83,0.37,0.54,0.51,0.56,0.41,0.55
yBMuZWldxLk.001_0497.jpg,0.31,0.36,0.54,0.76,0.66,0.62,0.35,0.39,0.62,0.59,0.36,0.42,0.97,0.78,0.73,0.68,0.65,0.64
yftfxiDNXko.000_0179.jpg,0.71,0.61,0.68,0.88,0.71,0.80,0.68,0.57,0.67,0.77,0.88,0.75,0.74,0.86,0.73,1.00,0.81,1.00
yftfxiDNXko.002_0059.jpg,0.28,0.32,0.34,0.45,0.63,0.47,0.42,0.35,0.53,0.78,0.69,0.68,0.56,0.49,0.39,1.00,1.00,1.00
yFZ3eUD6Pqs.005_0028.jpg,0.83,0.92,0.94,0.56,0.49,0.49,0.94,0.98,0.80,0.87,0.83,0.81,0.53,0.44,0.62,0.47,0.49,0.51
yIM5bal1VVs.005_0567.jpg,0.51,0.67,0.60,0.77,0.73,0.74,0.56,0.56,0.59,0.57,0.47,0.56,0.85,0.83,0.71,0.30,0.24,0.30
yj2Y1Y26rd4.001_0004.jpg,1.00,0.81,0.90,0.75,0.86,0.87,1.00,1.00,0.89,0.29,0.44,0.35,0.46,0.43,0.32,0.67,0.59,0.73
Yj36y7ELRZE.004_0071.jpg,0.59,0.42,0.37,0.64,0.44,0.64,0.88,0.72,0.89,0.37,0.45,0.33,0.59,0.83,0.81,0.90,0.77,0.99
YjXUMygVw7U.005_0298.jpg,0.59,0.46,0.53,0.63,0.62,0.49,0.33,0.30,0.47,0.75,0.56,0.59,0.68,0.75,0.86,0.23,0.42,0.36
YN0Xd70SqEo.004_0367.jpg,0.62,0.46,0.47,0.61,0.50,0.48,0.97,0.78,0.91,0.69,0.98,0.80,0.85,0.87,0.85,0.63,0.61,0.79
yozI_jvMrTw.005_0570.jpg,0.82,0.58,0.55,0.39,0.36,0.60,0.67,0.68,0.81,0.57,0.39,0.44,0.65,0.51,0.40,0.94,0.90,0.95
yp-tfq1NxBk.003_0520.jpg,0.60,0.53,0.43,0.61,0.72,0.78,0.37,0.44,0.61,0.47,0.34,0.49,0.70,0.54,0.65,0.80,0.72,0.89
YP7N98ECZaI.001_0583.jpg,0.39,0.46,0.27,0.21,0.38,0.36,0.82,1.00,0.83,0.95,0.69,0.87,0.78,0.64,0.63,0.95,0.82,0.81
YPMffqhP0C8.001_0555.jpg,0.87,0.80,0.80,0.44,0.48,0.47,0.31,0.40,0.26,0.71,0.75,0.81,0.47,0.42,0.55,0.87,0.73,0.69
yRVvI1x2DBI.002_0138.jpg,0.66,0.66,0.87,0.48,0.47,0.49,0.76,0.74,0.95,0.82,0.81,0.84,0.74,0.91,0.76,0.68,0.96,0.68
YygvfVxOWP8.000_0456.jpg,0.42,0.21,0.18,0.58,0.79,0.79,0.64,0.64,0.69,0.49,0.60,0.44,0.22,0.33,0.47,0.60,0.50,0.54
z3DO3tdrsnQ.001_0606.jpg,0.87,0.65,0.59,0.93,0.85,0.92,0.75,0.63,0.77,0.57,0.60,0.78,1.00,0.82,0.91,0.45,0.50,0.54
Z3FdUfZLHyw.001_0087.jpg,0.64,0.73,0.76,0.88,0.69,0.80,0.66,0.43,0.69,0.23,0.36,0.23,0.39,0.56,0.54,0.81,0.80,0.89
z82YEuBU8mA.003_0421.jpg,0.73,0.64,0.67,0.92,0.94,0.77,0.48,0.63,0.72,0.72,0.52,0.70,1.00,0.88,1.00,0.34,0.40,0.36
Z_STuUHKQTg.004_0446.jpg,0.50,0.72,0.50,0.60,0.71,0.87,0.40,0.53,0.53,0.88,0.80,0.69,0.84,0.76,0.77,0.50,0.23,0.27
z_W8_j7CB2A.000_0041.jpg,0.87,0.75,0.89,0.40,0.46,0.53,0.41,0.56,0.42,0.50,0.29,0.43,1.00,1.00,0.94,0.73,0.83,0.84
Zi7QHI_5ipU.005_0338.jpg,0.31,0.30,0.44,0.50,0.49,0.59,0.58,0.69,0.73,0.73,0.55,0.70,0.78,0.94,0.80,0.62,0.82,0.63
ZIk7N-xHvF4.003_0342.jpg,0.72,0.62,0.54,0.92,0.85,0.67,0.70,0.69,0.66,0.60,0.61,0.61,0.54,0.74,0.75,0.49,0.52,0.47
ZiKxJbVI5_g.004_0356.jpg,0.81,0.68,0.66,0.90,0.75,0.82,0.86,0.71,0.72,0.92,0.90,0.95,0.78,0.70,0.88,0.26,0.51,0.45
zJEnT19uoPY.000_0605.jpg,0.28,0.43,0.27,0.43,0.30,0.22,0.47,0.24,0.21,0.65,0.76,0.80,0.75,0.64,0.59,0.99,0.82,0.82
zMXfMcqpPwQ.001_0054.jpg,0.82,0.63,0.77,0.57,0.59,0.65,0.64,0.39,0.48,0.52,0.54,0.74,0.73,0.64,0.52,0.46,0.37,0.28
zMXIf66PPhU.002_0472.jpg,0.59,0.52,0.47,0.46,0.60,0.44,0.36,0.38,0.33,0.37,0.50,0.29,0.48,0.59,0.63,0.49,0.51,0.46
ZNJFmNiWC4I.003_0319.jpg,0.20,0.35,0.18,0.46,0.31,0.27,0.25,0.44,0.49,0.59,0.49,0.47,0.35,0.38,0.47,0.82,0.79,0.84
ZNRfeL8nPfw.005_0099.jpg,0.50,0.43,0.48,0.77,0.63,0.81,0.73,0.61,0.77,0.61,0.52,0.50,0.61,0.77,0.89,0.67,0.48,0.53
ZO5JoyVTat8.001_0280.jpg,0.68,0.69,0.79,0.92,0.98,0.74,0.90,0.79,0.80,0.46,0.48,0.46,0.89,0.89,1.00,0.49,0.32,0.47
ZqbJIM7rmO8.005_0410.jpg,0.88,0.71,0.79,0.75,0.68,0.52,0.72,0.75,0.93,0.57,0.61,0.68,0.53,0.34,0.34,0.78,0.84,0.70
ZRl_k6DzTeI.001_0074.jpg,0.41,0.47,0.56,0.56,0.72,0.68,0.94,1.00,1.00,0.61,0.54,0.63,0.52,0.57,0.61,0.44,0.48,0.55
zT_s9X21gAE.001_0538.jpg,0.81,0.77,0.63,0.57,0.71,0.74,0.51,0.46,0.38,0.55,0.41,0.40,0.22,0.39,0.20,0.32,0.29,0.33
ztyBhnjtrz0.001_0527.jpg,0.41,0.67,0.59,0.74,0.48,0.68,0.46,0.37,0.23,0.50,0.64,0.62,0.42,0.24,0.43,0.95,0.98,1.00
Zvdh8ym1Yrg.004_0271.jpg,0.23,0.37,0.37,0.81,0.89,0.95,0.57,0.41,0.63,0.58,0.56,0.69,0.60,0.51,0.37,0.33,0.51,0.46
ZvxUUh2wN7s.002_0588.jpg,0.60,0.39,0.59,0.74,0.62,0.49,0.55,0.63,0.56,0.72,0.65,0.75,0.79,0.78,0.95,0.43,0.27,0.23
