image,source_media,openness,conscientiousness,extraversion,agreeableness,neuroticism
images/pljK0DEusA0.003_0001.jpg,pljK0DEusA0.003.mp4,0.5194310241796795,0.5934688118026278,0.553692596835841,0.6222106160091512,0.7380542835797386
images/WyLqK6wzYLU.000_0002.jpg,WyLqK6wzYLU.000.mp4,0.6033496722350493,0.6830054024219069,0.5982557476123643,0.6619326171481524,0.6214713061293726
images/VIhStXxpAr0.003_0003.jpg,VIhStXxpAr0.003.mp4,0.6486561974780746,0.6458119313567895,0.6375236449084314,0.6631044716929622,0.6169333323764665
images/yj2Y1Y26rd4.001_0004.jpg,yj2Y1Y26rd4.001.mp4,0.4305203226579427,0.6227213871143358,0.5252012189522601,0.6253099767831259,0.6807570721642784
images/3Vr5-zedeWk.000_0005.jpg,3Vr5-zedeWk.000.mp4,0.4527829895750483,0.5695715933677248,0.5173717213259035,0.5870033361738537,0.7527970109561918
images/s0pgZM5G6ds.003_0006.jpg,s0pgZM5G6ds.003.mp4,0.5042696509621093,0.6238825238331321,0.5805126360037136,0.6572082122115313,0.6485158836523734
images/xmD4FKMq2rk.001_0007.jpg,xmD4FKMq2rk.001.mp4,0.48227536478291977,0.585220867092973,0.5836189672860213,0.6524888130620401,0.6683240455155085
images/merppcmY6y0.000_0008.jpg,merppcmY6y0.000.mp4,0.6254766761071738,0.665099836106801,0.5949702796745677,0.6356865692287639,0.6430228592579472
images/Ui1ajQU5Ib8.005_0009.jpg,Ui1ajQU5Ib8.005.mp4,0.4899689385527116,0.5996715334467766,0.5773855491019487,0.6582274689988001,0.6817113659611936
images/LGPm8ok6kVo.001_0010.jpg,LGPm8ok6kVo.001.mp4,0.597495777742256,0.6452803310364061,0.6251167135762424,0.6715251794866799,0.6101158455871185
images/FcR9VhCxBb0.004_0011.jpg,FcR9VhCxBb0.004.mp4,0.5602988048756382,0.6313490339756666,0.6073804746025391,0.6507173597272237,0.6098979179779712
images/UrOamWOcOwQ.004_0012.jpg,UrOamWOcOwQ.004.mp4,0.5938975465312686,0.6659358520973804,0.5771517230385188,0.6291715890733538,0.6485917638608047
images/cQRFb-xa4Vc.005_0013.jpg,cQRFb-xa4Vc.005.mp4,0.6095131222956837,0.5883475763358958,0.6252162359013812,0.6264289855544103,0.6422689853415832
images/oxw3nT9LSsg.000_0014.jpg,oxw3nT9LSsg.000.mp4,0.42993608406904493,0.5749629538602744,0.4850283253070606,0.5709416564645048,0.7889890279956445
images/nKLhatlbqEw.005_0015.jpg,nKLhatlbqEw.005.mp4,0.5756953478648531,0.5989391620005522,0.6542038018110974,0.6852429985454944,0.5943685563320473
images/X5aKCrWf6a4.003_0016.jpg,X5aKCrWf6a4.003.mp4,0.5083632138365921,0.6118922205891351,0.5542007359457439,0.6364580479653899,0.7174149229610556
images/tw6lY2ptkvo.002_0017.jpg,tw6lY2ptkvo.002.mp4,0.5649537151028293,0.6321302043974256,0.628668718528799,0.6865351913853527,0.6074318701822108
images/Ng2E0E5tiZQ.005_0018.jpg,Ng2E0E5tiZQ.005.mp4,0.5012435205521903,0.6015930372274613,0.5687179045139872,0.6414881404159868,0.6905625040432724
images/V1TjmLtgNm0.005_0019.jpg,V1TjmLtgNm0.005.mp4,0.4109371709292528,0.6154441951398557,0.5497385486086522,0.6563068225809103,0.6464175013981354
images/Os7L5C-i9Fw.003_0020.jpg,Os7L5C-i9Fw.003.mp4,0.4407692407172015,0.6092231160409182,0.5642590114796864,0.6558160269305674,0.6461007650227254
images/bkzgccBFztM.001_0021.jpg,bkzgccBFztM.001.mp4,0.5059576462362836,0.6376133389697046,0.5895044160652305,0.6748771454175375,0.6299226046692635
images/fEZrAGQoh_g.001_0022.jpg,fEZrAGQoh_g.001.mp4,0.5451116022805386,0.647995951930636,0.5915296534024159,0.6653887328329835,0.6366701722562365
images/vqF65-bFHKM.004_0023.jpg,vqF65-bFHKM.004.mp4,0.6435356049987179,0.6584227756200967,0.6411802203536167,0.6740050250122736,0.5975069977597048
images/1eOvtoZCie8.004_0024.jpg,1eOvtoZCie8.004.mp4,0.5534826426829702,0.5251097294180942,0.6262785035336778,0.6272888426477999,0.6775137182212126
images/wTo1uZns2X8.005_0025.jpg,wTo1uZns2X8.005.mp4,0.47866990376668395,0.5947927757290552,0.5821350586958992,0.6647535669225388,0.6728733528381687
images/izqyworQEEM.001_0026.jpg,izqyworQEEM.001.mp4,0.5373897402113043,0.6231585792637281,0.6506179980231372,0.7333909490279572,0.5997038393871176
images/bzaOB8BoWPU.000_0027.jpg,bzaOB8BoWPU.000.mp4,0.5464396772769721,0.614906402311795,0.6085199909138366,0.6821572218183611,0.6667416898617494
images/yFZ3eUD6Pqs.005_0028.jpg,yFZ3eUD6Pqs.005.mp4,0.5581768400591838,0.641853051299397,0.5543188637710211,0.618549552934753,0.6974419347290102
images/BmDClgdWlH4.004_0029.jpg,BmDClgdWlH4.004.mp4,0.6059847783409922,0.6230281072733534,0.6048092078657087,0.6376057253968279,0.6615683820322955
images/R_LJX7wszPY.000_0030.jpg,R_LJX7wszPY.000.mp4,0.5219261838155341,0.6987236286599068,0.5464614535684366,0.6309789305022827,0.6092759640043226
images/T4eZ81aJwJI.005_0031.jpg,T4eZ81aJwJI.005.mp4,0.5125421341064457,0.5904840083405137,0.5489041362499201,0.5984411812701297,0.7115817080426373
images/HONL8ha-1BE.000_0032.jpg,HONL8ha-1BE.000.mp4,0.5525835564131476,0.6220550251980079,0.5811781157392483,0.6225859287433884,0.6491565331787758
images/Q5h34e5xM0Q.000_0033.jpg,Q5h34e5xM0Q.000.mp4,0.5104882708546891,0.6293842856761299,0.5133315203892328,0.5799891600517028,0.7239451166535067
images/shtirfEzWFA.002_0034.jpg,shtirfEzWFA.002.mp4,0.4889057367128642,0.6275510200547093,0.5614502847656389,0.6492496518605236,0.6693239013851985
images/nOFHZ_s7Et4.001_0035.jpg,nOFHZ_s7Et4.001.mp4,0.5453248679547363,0.6006249760243985,0.5593976990124487,0.621174073520257,0.7373813801909739
images/WuoQDp7pU24.002_0036.jpg,WuoQDp7pU24.002.mp4,0.585464978158801,0.6646123556845098,0.5881281085284227,0.6640403397293128,0.663810406977184
images/RsYSOFRFszk.001_0037.jpg,RsYSOFRFszk.001.mp4,0.5344817718924175,0.6173430089675518,0.6043779044450323,0.6716914608725773,0.6451187508676414
images/jQRFHBVs0dA.004_0038.jpg,jQRFHBVs0dA.004.mp4,0.5478772643650258,0.6257999455455944,0.5738359851771362,0.6404324393379892,0.6879866456130137
images/qrjx2kxg6M4.002_0039.jpg,qrjx2kxg6M4.002.mp4,0.5427217310634155,0.6530388627834625,0.6015885644211212,0.6849444928564075,0.6270854454164168
images/8hW6WfYBP18.005_0040.jpg,8hW6WfYBP18.005.mp4,0.5972682103332712,0.6222947174005884,0.6135629924686123,0.6437253121856836,0.6365762005978626
images/z_W8_j7CB2A.000_0041.jpg,z_W8_j7CB2A.000.mp4,0.4761052625079231,0.600252968202302,0.5492412472530043,0.6240853660678688,0.6945582743426274
images/ipP--IqIuWU.001_0042.jpg,ipP--IqIuWU.001.mp4,0.5766338496593905,0.6291073714736708,0.6086676307224594,0.6607783985836619,0.6440331186559306
images/_tOtBfJlWFs.000_0043.jpg,_tOtBfJlWFs.000.mp4,0.517001629437562,0.6347363104932519,0.6090945959559303,0.6910616495227496,0.6144338433252309
images/XvV4YdhpC2w.002_0044.jpg,XvV4YdhpC2w.002.mp4,0.48892560229374527,0.5894206863945819,0.5789499937238028,0.6473851734551697,0.6749407450148504
images/3P_D_bd-_NM.000_0045.jpg,3P_D_bd-_NM.000.mp4,0.6576313093549544,0.601732281798677,0.6328899594919296,0.6318847345912992,0.6612466828381378
images/TUaOp5eIU2c.001_0046.jpg,TUaOp5eIU2c.001.mp4,0.5920824969400184,0.6622775621593663,0.6097067229284164,0.6689080073975706,0.6186275964409145
images/NBacfF-K2eQ.000_0047.jpg,NBacfF-K2eQ.000.mp4,0.41280065795341275,0.5653564780154401,0.4944000872504789,0.5801073535038598,0.7715673964591303
images/P0a209IS614.005_0048.jpg,P0a209IS614.005.mp4,0.49692960444437345,0.6490108336113986,0.568454979165172,0.6535287987795996,0.6303377109290914
images/3K16KyiAZHw.004_0049.jpg,3K16KyiAZHw.004.mp4,0.6986834562259946,0.7175563902609944,0.6374074930227255,0.670268059267118,0.5712792291754475
images/gLtvOEy7m8Q.005_0050.jpg,gLtvOEy7m8Q.005.mp4,0.5130365612942543,0.6251215421837394,0.5818421352552814,0.6506112706562458,0.6420465913170216
images/PRplbrM70sg.004_0051.jpg,PRplbrM70sg.004.mp4,0.4958187962839026,0.61979640701814,0.5529228796175651,0.628070231696372,0.6811928968890079
images/2kqPuht5jTg.002_0052.jpg,2kqPuht5jTg.002.mp4,0.4980031685447559,0.6618072417531982,0.5548775438024929,0.6451390270926156,0.6382669670677747
images/Wx_oe0SxD9w.000_0053.jpg,Wx_oe0SxD9w.000.mp4,0.5289153092562097,0.6651529411618603,0.5705702132870225,0.6496714679304134,0.6284721992010869
images/zMXfMcqpPwQ.001_0054.jpg,zMXfMcqpPwQ.001.mp4,0.5488764261919894,0.627813329757451,0.5743534325579684,0.6423434427000555,0.6873892454835987
images/I_ncZcYgFjw.000_0055.jpg,I_ncZcYgFjw.000.mp4,0.6262859512005937,0.573102921545912,0.6166545227032764,0.6098070437039352,0.6844722647428694
images/9o10YrQykMk.003_0056.jpg,9o10YrQykMk.003.mp4,0.5453407969999202,0.6611058880717202,0.5520906567983392,0.6246821333983069,0.6687186073212442
images/WMp0lsXbOqM.003_0057.jpg,WMp0lsXbOqM.003.mp4,0.5009071564483878,0.6262785829468754,0.5452141131923768,0.6232344376144059,0.6918986024678531
images/IQdz0Pd-L2Y.004_0058.jpg,IQdz0Pd-L2Y.004.mp4,0.5293160459707612,0.5882882352744324,0.572726576581283,0.6123445561858657,0.6853053850408442
images/yftfxiDNXko.002_0059.jpg,yftfxiDNXko.002.mp4,0.5199163203194669,0.5719754420877977,0.5482904002964382,0.5871248028203095,0.7331622970454068
images/hF3yR5rmga8.001_0060.jpg,hF3yR5rmga8.001.mp4,0.48277361791447115,0.5805082692548207,0.5371911860859813,0.608057791848122,0.7438015825346823
images/Rp_gyvKE4hI.005_0061.jpg,Rp_gyvKE4hI.005.mp4,0.5517865858986393,0.6246485355887689,0.5911842854712801,0.6598463553084818,0.6734932276834448
images/P6g1mZ3f76U.002_0062.jpg,P6g1mZ3f76U.002.mp4,0.5853381793941862,0.6721909982589096,0.5716710481995759,0.6150582708551976,0.6229306790465818
images/AJIphVRpYrg.005_0063.jpg,AJIphVRpYrg.005.mp4,0.5580715354083396,0.6232756462390107,0.6229574392498249,0.6804609129423151,0.6210511278319142
images/j5fXaXrNPoA.004_0064.jpg,j5fXaXrNPoA.004.mp4,0.48785186966465005,0.6191617008644567,0.6553328551320681,0.7406583758395053,0.5475007026303028
images/kzDQXSGGomg.004_0065.jpg,kzDQXSGGomg.004.mp4,0.6106569162300544,0.6972390195689359,0.5853798936513164,0.6328320236714869,0.5992490438976131
images/0G9vplL8ae8.003_0066.jpg,0G9vplL8ae8.003.mp4,0.5591375818088365,0.6199285467034338,0.5886830180440641,0.6302850285516195,0.6498507573260914
images/jpRnHWTLDUs.003_0067.jpg,jpRnHWTLDUs.003.mp4,0.5104079809649744,0.6255424064997867,0.6120170494657027,0.6923145771074992,0.6148782612710022
images/6xlHkQDHxbs.000_0068.jpg,6xlHkQDHxbs.000.mp4,0.6179068106054796,0.6628465534221656,0.6161424548045652,0.6706943344562699,0.6306198060782747
images/XcEFSi3uaJM.002_0069.jpg,XcEFSi3uaJM.002.mp4,0.6230967876420912,0.6035790046585517,0.6175030886988102,0.6127461735844292,0.6346801784563912
images/TQHzCznQ14Y.003_0070.jpg,TQHzCznQ14Y.003.mp4,0.5467397001214852,0.6017918964089688,0.5580651601945427,0.6069160885671679,0.7185107262427363
images/Yj36y7ELRZE.004_0071.jpg,Yj36y7ELRZE.004.mp4,0.47110088242093345,0.6322818378636292,0.5624397195871947,0.6582625731396866,0.6530750804388209
images/38fE5B4ghw0.000_0072.jpg,38fE5B4ghw0.000.mp4,0.5334939017248096,0.6538976722512625,0.5846704046475756,0.6668960879202106,0.6369474572268569
images/_ztmNiy8D3c.003_0073.jpg,_ztmNiy8D3c.003.mp4,0.4117605727272634,0.5463077195775055,0.4903349751981941,0.5544095120635659,0.771977461488731
images/ZRl_k6DzTeI.001_0074.jpg,ZRl_k6DzTeI.001.mp4,0.48034711623588106,0.550051691502599,0.5296582342161044,0.5611628581541086,0.7374522940250985
images/4JjpfL4y3XM.000_0075.jpg,4JjpfL4y3XM.000.mp4,0.4515752506347899,0.607994225604986,0.568202151862955,0.6638245454800915,0.6612524511336707
images/qktahyrtrFs.000_0076.jpg,qktahyrtrFs.000.mp4,0.6619339265831243,0.8275074789095955,0.5951088667291167,0.6601959983669735,0.4649621688795313
images/BS0wgLXqFgc.003_0077.jpg,BS0wgLXqFgc.003.mp4,0.5370610175958422,0.6633782047770971,0.5616252239603925,0.6360968446831475,0.6455341953049459
images/9hqH1PJ6cG8.001_0078.jpg,9hqH1PJ6cG8.001.mp4,0.5242847717322964,0.6261009429490815,0.6361211014540836,0.7185044393364657,0.5996574663123644
images/EvZ0esZgPK4.001_0079.jpg,EvZ0esZgPK4.001.mp4,0.4681566815650495,0.6140332216069841,0.5896379592561145,0.6808129990468674,0.633673688800933
images/pJGLxS81YBc.004_0080.jpg,pJGLxS81YBc.004.mp4,0.67423137148227,0.48005381758721355,0.6901493209592631,0.6096998594265548,0.6679064374047038
images/VNK6LQHh25w.004_0081.jpg,VNK6LQHh25w.004.mp4,0.5635795832183285,0.6463337169431677,0.6012280799105676,0.6783927026511208,0.6519620278075035
images/3HA2W1s4oP8.003_0082.jpg,3HA2W1s4oP8.003.mp4,0.4986782018138744,0.5489150836240756,0.5424333058247964,0.5756913519186705,0.7450362555012908
images/bYXRyimxh7A.004_0083.jpg,bYXRyimxh7A.004.mp4,0.5793551285739741,0.6352090310006108,0.5911263784585292,0.6390446758810326,0.6550633214176367
images/tomb22yfjTc.002_0084.jpg,tomb22yfjTc.002.mp4,0.5374079160520191,0.5959501767123714,0.5970980816263509,0.649880893271683,0.6693805121942321
images/xsLvl2qGrxU.000_0085.jpg,xsLvl2qGrxU.000.mp4,0.4067064073402542,0.5696003437603968,0.49884697585829285,0.5777633288467963,0.7410366785065545
images/TEGJrmNFvXY.001_0086.jpg,TEGJrmNFvXY.001.mp4,0.5240015091225232,0.6333174563442936,0.5728327737663336,0.6500295894399418,0.6672470052490086
images/Z3FdUfZLHyw.001_0087.jpg,Z3FdUfZLHyw.001.mp4,0.6644132419928339,0.5587087800119894,0.6279181457341946,0.6106004745908972,0.7181980384163018
images/Lj1WuMXFa-4.004_0088.jpg,Lj1WuMXFa-4.004.mp4,0.6024754593568329,0.6151849062438658,0.5706661098683763,0.5959633386048901,0.7054302942265946
images/IL5VgGakSNw.005_0089.jpg,IL5VgGakSNw.005.mp4,0.47718984919787727,0.6702615882492339,0.4903983066984806,0.5754550768051765,0.6823943790583236
images/nBjBfN9SbpM.002_0090.jpg,nBjBfN9SbpM.002.mp4,0.5057137390937244,0.623181221764419,0.5162914960657476,0.5942486664116873,0.7422045978087601
images/p6UMx8dwHZQ.003_0091.jpg,p6UMx8dwHZQ.003.mp4,0.5495281437289073,0.6329563653391483,0.5950504019862276,0.6583324244311185,0.6438365500131267
images/vAEqpUwBMJQ.005_0092.jpg,vAEqpUwBMJQ.005.mp4,0.6130130416389985,0.681093192790378,0.6611429615475579,0.7218104215299055,0.5435163381908781
images/6TkMavTyimI.001_0093.jpg,6TkMavTyimI.001.mp4,0.6075807530482336,0.7945054924371866,0.5865784441915418,0.679454001227672,0.5117903367690652
images/Dgo98-sCd1w.002_0094.jpg,Dgo98-sCd1w.002.mp4,0.5024007524629435,0.6156289516404323,0.5621893658058312,0.6389150564877146,0.6849146746018657
images/c4YxfATgYkw.002_0095.jpg,c4YxfATgYkw.002.mp4,0.4870043028513073,0.6400879923780698,0.5341928340135607,0.6078052025026244,0.6625706759189227
images/Kbcvurfuvhk.002_0096.jpg,Kbcvurfuvhk.002.mp4,0.5556913657944403,0.6478146036995799,0.5553424681372752,0.624603543215838,0.691695833186116
images/L-C1blPD_ec.000_0097.jpg,L-C1blPD_ec.000.mp4,0.5962727656539784,0.6897891740114379,0.5970033939057432,0.6710265623342084,0.6208322547806248
images/0FVu7VKIg2s.000_0098.jpg,0FVu7VKIg2s.000.mp4,0.5529168984227858,0.6339029616493559,0.5704341684866522,0.6294895900835797,0.6735713511848345
images/ZNRfeL8nPfw.005_0099.jpg,ZNRfeL8nPfw.005.mp4,0.4535526703496316,0.6150126653600865,0.5537791248077618,0.6326108040346895,0.6457109498679271
images/3WmWJ1lNy-U.001_0100.jpg,3WmWJ1lNy-U.001.mp4,0.5100168181013827,0.641544994322298,0.6002738114083305,0.6887501458974836,0.6182709754142702
images/lsVwEApsljU.003_0101.jpg,lsVwEApsljU.003.mp4,0.5629753780522028,0.6287679432825252,0.582253866800684,0.6459966932457755,0.6841573668400064
images/Vy-Lr_iM5qo.001_0102.jpg,Vy-Lr_iM5qo.001.mp4,0.4946553010233631,0.5515683401587339,0.559075841877617,0.5932741599469759,0.7147295906719224
images/BLeDNfK2quI.000_0103.jpg,BLeDNfK2quI.000.mp4,0.5760209655735935,0.5784401807847016,0.6233146372376513,0.6310468619464403,0.6331486395774207
images/PgpMUHH8lEI.004_0104.jpg,PgpMUHH8lEI.004.mp4,0.5357319931729667,0.6150670681346113,0.5857735359284122,0.6392833008477157,0.6540044351470989
images/LKqO2BhfAvM.002_0105.jpg,LKqO2BhfAvM.002.mp4,0.5298100870684844,0.6068423074845378,0.5570274628768122,0.6180306973816134,0.7120503334150942
images/cxJ0u6r0-pU.002_0106.jpg,cxJ0u6r0-pU.002.mp4,0.5501452038831558,0.6652949878242468,0.6375276359566764,0.7219153375684686,0.5678644519159215
images/2bAsXLQjlt8.005_0107.jpg,2bAsXLQjlt8.005.mp4,0.5236967929821221,0.640429922894454,0.5507748564116014,0.6216880397425012,0.6762330236555321
images/puLXzqUvm_U.001_0108.jpg,puLXzqUvm_U.001.mp4,0.5451809827742823,0.6835290605010403,0.5559688292064656,0.6278813605491511,0.6265073362078722
images/vE9XgQL7DGE.004_0109.jpg,vE9XgQL7DGE.004.mp4,0.4724120770168908,0.5502069035332707,0.5190061362318935,0.5704622813780356,0.7746113463296059
images/dQOeQYWIgm8.004_0110.jpg,dQOeQYWIgm8.004.mp4,0.5076621332432045,0.6323166664802691,0.5605511944919626,0.6347307889110654,0.6626386626882568
images/uHrP02iwW1o.000_0111.jpg,uHrP02iwW1o.000.mp4,0.6980847199795371,0.6878320816766053,0.6693661208316779,0.6814572502908589,0.5405719880380995
images/XOioICna1hc.005_0112.jpg,XOioICna1hc.005.mp4,0.5834146834457127,0.6245247005120143,0.5864613345807329,0.6331544055610642,0.6811058927493459
images/xeE08Vn-HXI.001_0113.jpg,xeE08Vn-HXI.001.mp4,0.5659701143925171,0.6343736477052053,0.5618423835869858,0.6213441409846686,0.7001863814087456
images/TmpP2fXeVtk.000_0114.jpg,TmpP2fXeVtk.000.mp4,0.422589989584218,0.6017900536953236,0.5171285303910336,0.6104466192525597,0.7054135874997215
images/QlkTEWrSCBs.000_0115.jpg,QlkTEWrSCBs.000.mp4,0.5956935921567762,0.6173430284211847,0.6114775406640968,0.6646014201914119,0.6819153840461756
images/w7O2QJu2Wl4.005_0116.jpg,w7O2QJu2Wl4.005.mp4,0.44882488455966263,0.6030953259725111,0.5243534711120961,0.6142538237655067,0.7175672535261702
images/oLO05QNhhGg.000_0117.jpg,oLO05QNhhGg.000.mp4,0.5609832342643193,0.6123745536449958,0.5642469040288326,0.6142952027358662,0.7111151947929238
images/2ceHmUmguzk.001_0118.jpg,2ceHmUmguzk.001.mp4,0.5502348677512338,0.6926231298576486,0.5939130248814497,0.6857639973655231,0.5968280091779735
images/a97PXgrKSxo.005_0119.jpg,a97PXgrKSxo.005.mp4,0.5366894755077871,0.6579081877116004,0.5752346359028367,0.6513246497645295,0.6375220773995163
images/nex61B854Ms.005_0120.jpg,nex61B854Ms.005.mp4,0.43801465143385526,0.6225405246593082,0.5610507660400111,0.6613245330891306,0.640133560743812
images/keGXYAcUXmA.002_0121.jpg,keGXYAcUXmA.002.mp4,0.6012430969229713,0.5340961140770443,0.6400882944584814,0.6266914021016722,0.675249827912816
images/LuLUAwn0aWU.002_0122.jpg,LuLUAwn0aWU.002.mp4,0.44631828318669614,0.5972648250631964,0.535203083441826,0.6139210410782427,0.6912455579286317
images/cP_dSXql7z8.002_0123.jpg,cP_dSXql7z8.002.mp4,0.5501579584490601,0.6557003147237035,0.61665710071299,0.698927962191681,0.6087024844149996
images/kp3c66Igyr8.001_0124.jpg,kp3c66Igyr8.001.mp4,0.5333831471115331,0.6511089019454323,0.5601538102088222,0.6443868164167578,0.6783282076355466
images/7tlMys6MZ34.001_0125.jpg,7tlMys6MZ34.001.mp4,0.5445949663349149,0.6138244467515257,0.5854376414940721,0.6415094838930754,0.6705509842607019
images/orlXEgAepGo.000_0126.jpg,orlXEgAepGo.000.mp4,0.5802904358193632,0.6681372894922206,0.5924644789830962,0.6618256222155137,0.6359935733554497
images/BLeDNfK2quI.002_0127.jpg,BLeDNfK2quI.002.mp4,0.576547452401106,0.5732976782399886,0.6260181692386528,0.631493189511536,0.634579981325021
images/2oiXF5_gTyk.001_0128.jpg,2oiXF5_gTyk.001.mp4,0.6774999579891688,0.6126156052225962,0.6501414031563041,0.635088820513187,0.6202767697624749
images/oYiWW-Qc0rs.000_0129.jpg,oYiWW-Qc0rs.000.mp4,0.5279473628529001,0.6274544818026594,0.6055771389861089,0.6864058477932431,0.6414140892189635
images/W8NkAXNboT0.002_0130.jpg,W8NkAXNboT0.002.mp4,0.46398531146876965,0.6016628847625567,0.5336283440307336,0.6182434484230015,0.7157197302991805
images/_IS6GFmQYj4.003_0131.jpg,_IS6GFmQYj4.003.mp4,0.6073133625467169,0.5989597259076127,0.5976097249655093,0.606348298912904,0.6730968116477923
images/FU1ak530DDo.003_0132.jpg,FU1ak530DDo.003.mp4,0.5565077072095893,0.6358056421362431,0.600594941647519,0.658739013296218,0.6314097831898622
images/7Y4cUPFEt-4.005_0133.jpg,7Y4cUPFEt-4.005.mp4,0.536403798309895,0.6751020655277783,0.5737118516789323,0.6560607352808673,0.6219535497343144
images/X9AEEGzWSU8.003_0134.jpg,X9AEEGzWSU8.003.mp4,0.5647141294788643,0.699805949909056,0.5741772368445226,0.6563462409446541,0.6138176653863298
images/VuadgOz6T7s.000_0135.jpg,VuadgOz6T7s.000.mp4,0.5294766520398434,0.6381820824277715,0.5402356258337562,0.6041505853966732,0.689842900442498
images/KXUERmhPyr8.004_0136.jpg,KXUERmhPyr8.004.mp4,0.5407507288090747,0.5811821459202302,0.5810102724860923,0.6053517321924016,0.6738459384915684
images/cWZudzeJVXg.002_0137.jpg,cWZudzeJVXg.002.mp4,0.5540820518413385,0.6610156750205772,0.5745911315891136,0.6539260377736674,0.6583044592390727
images/yRVvI1x2DBI.002_0138.jpg,yRVvI1x2DBI.002.mp4,0.5705101937022083,0.6310275181741493,0.5947793471372108,0.6449569723148549,0.6502367154063446
images/2mfmw63l88g.001_0139.jpg,2mfmw63l88g.001.mp4,0.5932344331839603,0.6778633286343899,0.5986705536437132,0.6713768810677442,0.6319832155836859
images/iGlLSkRAsJc.005_0140.jpg,iGlLSkRAsJc.005.mp4,0.5039730994935757,0.6323328874240637,0.5260491207094035,0.5984772103528785,0.7034316913434406
images/huIQlWsIEvY.000_0141.jpg,huIQlWsIEvY.000.mp4,0.7442693655356633,0.49531234572745425,0.7277297417906907,0.6221486673515273,0.630935811394692
images/KGRUaRe3r7I.002_0142.jpg,KGRUaRe3r7I.002.mp4,0.5224716377655465,0.6819738719602058,0.5614489742189408,0.649778679350084,0.6218081524685362
images/J9WyswA0vow.003_0143.jpg,J9WyswA0vow.003.mp4,0.44748521572906935,0.5805725461467116,0.49154169912420437,0.55900007619752,0.7616608561745902
images/9CPKW0sqR3E.000_0144.jpg,9CPKW0sqR3E.000.mp4,0.49449851228992636,0.6541190630454307,0.5963211091552075,0.6896509829329299,0.5939918520377915
images/Cl7vQ9QR0es.000_0145.jpg,Cl7vQ9QR0es.000.mp4,0.5749054120566479,0.6865900358265398,0.5544845225962008,0.6233541659937492,0.6524738632763736
images/13kjwEtSyXc.002_0146.jpg,13kjwEtSyXc.002.mp4,0.5542372605689359,0.565793322551543,0.5960135047233898,0.6177359447650805,0.6885410402680252
images/4TpJ1FT2w6Y.003_0147.jpg,4TpJ1FT2w6Y.003.mp4,0.5098670532827667,0.6301492028893091,0.5532882050265868,0.628104241558916,0.6796191936576083
images/PHv6CzBIC5E.005_0148.jpg,PHv6CzBIC5E.005.mp4,0.6274703642283112,0.46712784613272057,0.6733818391655882,0.6027008867915534,0.6742791487732281
images/TaL5JleXDP8.003_0149.jpg,TaL5JleXDP8.003.mp4,0.4719582410183967,0.6050306524955739,0.5823559599673921,0.6582681987116369,0.6381332368337882
images/LXmwDq89LdA.000_0150.jpg,LXmwDq89LdA.000.mp4,0.45146512174334286,0.6465991222428042,0.5756804145925943,0.6737672754833359,0.5934066383210164
images/WT1YjeADatU.003_0151.jpg,WT1YjeADatU.003.mp4,0.5978830182438695,0.6896216880734323,0.5519071117066441,0.6128671636161394,0.664640477450148
images/xzRYaxrhne8.003_0152.jpg,xzRYaxrhne8.003.mp4,0.6072782548443687,0.6378156743746635,0.6764409686800918,0.729028405074872,0.5717006850226977
images/N7oR6_oMBFk.004_0153.jpg,N7oR6_oMBFk.004.mp4,0.518935474855261,0.6499353338000757,0.5614260418991871,0.6481957673648324,0.6661894461017823
images/9ZMIYSBYIh8.000_0154.jpg,9ZMIYSBYIh8.000.mp4,0.537390932677182,0.602228560117005,0.5722507485882709,0.6335294632818258,0.7072977283559668
images/JoQRNgGQCgY.002_0155.jpg,JoQRNgGQCgY.002.mp4,0.5001486481218168,0.6685585968192072,0.556057533376505,0.6471155951858684,0.62962118780615
images/1UaqZEUUk9I.002_0156.jpg,1UaqZEUUk9I.002.mp4,0.5212660022366833,0.6474482485795322,0.5787072642291448,0.6543834107690172,0.631217125437899
images/nZC82V87Pm0.004_0157.jpg,nZC82V87Pm0.004.mp4,0.6749409425409221,0.6036794347458567,0.670401651064237,0.656631627991939,0.605537232431288
images/ixPqs7L8oAE.004_0158.jpg,ixPqs7L8oAE.004.mp4,0.4554870075583347,0.6121762083842566,0.5180834029702764,0.6053197973702474,0.7151355001019667
images/fsCK8Xuzl1Y.003_0159.jpg,fsCK8Xuzl1Y.003.mp4,0.54010308162602,0.5848847174887123,0.5730428997299695,0.6059149175917655,0.6917661152373644
images/VUgKH9DIs-8.000_0160.jpg,VUgKH9DIs-8.000.mp4,0.5500478518987494,0.588103793069965,0.6559014516571756,0.6961172387767655,0.5947835511394052
images/VForU0EmBr0.000_0161.jpg,VForU0EmBr0.000.mp4,0.5842612540608956,0.6472935370535802,0.5748939023901368,0.6132675022376912,0.6487915725922022
images/Wby2oMliGz0.000_0162.jpg,Wby2oMliGz0.000.mp4,0.4392112872482412,0.6195524659363334,0.5283930988999235,0.6234647044002218,0.6831914467547683
images/mhF4kYTlVUE.002_0163.jpg,mhF4kYTlVUE.002.mp4,0.45419830039806486,0.5662209904406623,0.5781863066482892,0.6451548075075311,0.6712303564813917
images/R6NTuhZtOks.003_0164.jpg,R6NTuhZtOks.003.mp4,0.5594569029438388,0.6773806282389486,0.5629298600224402,0.636952833817225,0.6461222247277276
images/I01_ubtktEQ.003_0165.jpg,I01_ubtktEQ.003.mp4,0.4261538406031596,0.565615806762283,0.5044223137991954,0.5789462214309155,0.7546577405471058
images/LRczShwIVbM.004_0166.jpg,LRczShwIVbM.004.mp4,0.6125183698192891,0.6429619067501023,0.651101440868944,0.6850545794890329,0.5750433842049599
images/p_kPnCD7WzU.002_0167.jpg,p_kPnCD7WzU.002.mp4,0.5356917405275435,0.587065373630208,0.5637587286953262,0.6066233081254818,0.7120151190338392
images/3LAaFUSGvsU.004_0168.jpg,3LAaFUSGvsU.004.mp4,0.6341397205195906,0.6489830022948134,0.5856308193895864,0.5981481113958308,0.6466295621320874
images/Kmrd1MsZKmQ.000_0169.jpg,Kmrd1MsZKmQ.000.mp4,0.6122528150893175,0.5274818932551594,0.6820871941224661,0.6617459903470286,0.6290215001572729
images/aKLadP_Wev8.000_0170.jpg,aKLadP_Wev8.000.mp4,0.5318211308435657,0.6383357288781324,0.5703789318898459,0.6483971413132288,0.6728189491070324
images/phjVMKGYBKs.005_0171.jpg,phjVMKGYBKs.005.mp4,0.5860503049819824,0.684515677194496,0.5565653959112721,0.6260652638786356,0.6664849185823833
images/HegkSmkiBos.005_0172.jpg,HegkSmkiBos.005.mp4,0.5572845006036186,0.6635498657587581,0.6011005823862676,0.6697194595830659,0.6041468030750388
images/izq1ogkfedI.002_0173.jpg,izq1ogkfedI.002.mp4,0.5004755842881714,0.6352542745715343,0.5849863584405256,0.674686012753288,0.6406045165644586
images/qfL0ml0f84g.004_0174.jpg,qfL0ml0f84g.004.mp4,0.6397684177099006,0.667440387203553,0.6364535344422908,0.6705256020131366,0.5874594422430232
images/dRYEzqUa_Rc.000_0175.jpg,dRYEzqUa_Rc.000.mp4,0.5177654078329297,0.5775461917759079,0.544660614493301,0.5972818595852306,0.7487875355551614
images/3Q3SB1dVAng.002_0176.jpg,3Q3SB1dVAng.002.mp4,0.39176711960495214,0.5686108040403314,0.4841942292259757,0.578040473355675,0.7696869320700881
images/KJP4SKS2vtY.000_0177.jpg,KJP4SKS2vtY.000.mp4,0.6186446531382837,0.7142884431281923,0.5830651855302111,0.6515462314530237,0.6177290291424418
images/8z-WF2UNRb8.002_0178.jpg,8z-WF2UNRb8.002.mp4,0.5288931635483206,0.6681622412181173,0.647751348663614,0.7354377706374029,0.5303894871975852
images/yftfxiDNXko.000_0179.jpg,yftfxiDNXko.000.mp4,0.5158825962253334,0.5694910505526043,0.5453618235413541,0.5856436797261818,0.7388956901063847
images/1mHjMNZZvFo.000_0180.jpg,1mHjMNZZvFo.000.mp4,0.6223619703867957,0.6239545564888136,0.6345074638193012,0.6536995149926926,0.6159217242731704
images/cNXnowQb7rs.004_0181.jpg,cNXnowQb7rs.004.mp4,0.5571496208315772,0.6594330458261898,0.572020973084472,0.6345323598425983,0.6411285509110727
images/VRjJxTqOJyo.001_0182.jpg,VRjJxTqOJyo.001.mp4,0.48948965099471375,0.5919286348911108,0.5511333200625727,0.623934730853109,0.7170205416869704
images/mpk5Ubw2fj8.004_0183.jpg,mpk5Ubw2fj8.004.mp4,0.45728576215414063,0.6106665226951135,0.5574501263983301,0.6496621382764066,0.6729401061221465
images/70FJFG-MISQ.004_0184.jpg,70FJFG-MISQ.004.mp4,0.5885589416468652,0.6432047937007499,0.6142670442877137,0.6834138411339427,0.6543538119635511
images/XfUqFt2amrM.000_0185.jpg,XfUqFt2amrM.000.mp4,0.5643703943309052,0.6572021805128576,0.5800503079720736,0.6542462600583767,0.6602430826085876
images/sDWJMBZ1mVA.003_0186.jpg,sDWJMBZ1mVA.003.mp4,0.5368755853977494,0.5947156386417625,0.6351768231814938,0.69716117968997,0.6325827119751144
images/gfTTzlRNF8s.003_0187.jpg,gfTTzlRNF8s.003.mp4,0.5761279516404759,0.5785963677605389,0.6070792749080232,0.626985279383857,0.674753626973943
images/7LHmNEH65Pk.000_0188.jpg,7LHmNEH65Pk.000.mp4,0.5097760175702373,0.661529382752904,0.5935724766808915,0.6908424291767283,0.6095372633759673
images/VA5XjOaBH0Y.000_0189.jpg,VA5XjOaBH0Y.000.mp4,0.5250187299154189,0.6144596987842946,0.5593325821463282,0.6176097893106024,0.6870416416674173
images/jZl3Rq1MRQg.000_0190.jpg,jZl3Rq1MRQg.000.mp4,0.5844666787213069,0.6650938869751593,0.6023016624894428,0.6745373029055816,0.6364821181927068
images/SUI6WNryjqw.000_0191.jpg,SUI6WNryjqw.000.mp4,0.5901211029998296,0.6396892772082017,0.5996614774889608,0.6482502933292671,0.6493713111437015
images/5uFZ-2kYGO0.000_0192.jpg,5uFZ-2kYGO0.000.mp4,0.5926084234159059,0.6112596357069028,0.58582946718027,0.6044430597225315,0.6689342237482617
images/4TpJ1FT2w6Y.004_0193.jpg,4TpJ1FT2w6Y.004.mp4,0.5138457446419002,0.6366736047179903,0.5541281502200318,0.6298141325197391,0.6739776711108346
images/odRqijkG28U.000_0194.jpg,odRqijkG28U.000.mp4,0.5142765545417349,0.6380011175969574,0.6532876999222983,0.7473925404576532,0.56422294355037
images/A4zSLp-1gps.000_0195.jpg,A4zSLp-1gps.000.mp4,0.541637576599049,0.6105580019894976,0.55571838973895,0.5955597498719938,0.6878073297337418
images/JEualxMkaE4.002_0196.jpg,JEualxMkaE4.002.mp4,0.603216643840304,0.6650101877286393,0.5791058810279167,0.6382834689521666,0.6692622584228559
images/EcOC7ZVRSg4.003_0197.jpg,EcOC7ZVRSg4.003.mp4,0.44814868832946386,0.6229870212778585,0.5566381086218237,0.6567442520681136,0.6567021990507831
images/8lg8A_zFOmg.000_0198.jpg,8lg8A_zFOmg.000.mp4,0.4719498966362495,0.6059689157130558,0.512854724734324,0.589871337840646,0.7346212142923702
images/TJD__22fOr0.000_0199.jpg,TJD__22fOr0.000.mp4,0.5404995574174002,0.700432294652384,0.5766018398130722,0.6672933983303216,0.5956086943538373
images/-zNyDPzId4E.001_0200.jpg,-zNyDPzId4E.001.mp4,0.5160734274779998,0.6078624605162823,0.5559802705299128,0.6336800211778407,0.7228075587260633
images/dvCKoyBG1pE.002_0201.jpg,dvCKoyBG1pE.002.mp4,0.6462868343844849,0.6395772548206186,0.6344470688548488,0.6692816916409903,0.643079009885457
images/GCkOL2jLSQA.005_0202.jpg,GCkOL2jLSQA.005.mp4,0.5101860833903749,0.6836629209994108,0.5350049750087931,0.6252457283449672,0.6448530763372651
images/F5kL7RWS_f0.000_0203.jpg,F5kL7RWS_f0.000.mp4,0.6063653124314585,0.6509612732002121,0.6015831478736919,0.6537554689179829,0.6528399470874475
images/xRhUBifOWiI.000_0204.jpg,xRhUBifOWiI.000.mp4,0.551726873315367,0.6824191408590776,0.5731154330254682,0.6514872454171616,0.6221706800417197
images/nskJh7v6v1U.005_0205.jpg,nskJh7v6v1U.005.mp4,0.5642451786609771,0.6895642419383746,0.5474145810286775,0.6247191647715575,0.658894480211607
images/_7hGh6VU4IU.005_0206.jpg,_7hGh6VU4IU.005.mp4,0.5296880743013075,0.6360929525800273,0.6044524033829948,0.6821570636674832,0.6263334439764926
images/bYXRyimxh7A.000_0207.jpg,bYXRyimxh7A.000.mp4,0.5568035011672429,0.6082837944634019,0.5818720062488704,0.6267988185858598,0.6803805526942887
images/C0UMWrEJ2x0.005_0208.jpg,C0UMWrEJ2x0.005.mp4,0.529174891346743,0.5707735623029107,0.5714468848696002,0.6046862165534055,0.704636119741219
images/3WoXkI06zGk.001_0209.jpg,3WoXkI06zGk.001.mp4,0.4352300176194816,0.6051724982293808,0.48996969211277464,0.5670590955543635,0.7262265612138994
images/8HqEniErmmE.000_0210.jpg,8HqEniErmmE.000.mp4,0.6026674195108066,0.6656363118110237,0.6161219832146793,0.6771675213350135,0.619284373689788
images/DTZeyoKUPx4.000_0211.jpg,DTZeyoKUPx4.000.mp4,0.534522249431612,0.602284231391446,0.569019526435572,0.6327472258102271,0.7123062348669897
images/OxaBanUE6KE.004_0212.jpg,OxaBanUE6KE.004.mp4,0.553598332121308,0.6419630815191558,0.6043488310789414,0.6753286627817456,0.6334830273969112
images/5T2PhH-OMds.000_0213.jpg,5T2PhH-OMds.000.mp4,0.5568345582858375,0.5911995261332021,0.6007614414549296,0.6538469596179795,0.6942658923353482
images/0_xOGmydDN0.003_0214.jpg,0_xOGmydDN0.003.mp4,0.5626187266241064,0.6406390010158637,0.5593878983457,0.6201922812421504,0.6919331817109312
images/Bije9nsMl7M.005_0215.jpg,Bije9nsMl7M.005.mp4,0.5358608444027047,0.618382774139132,0.5611769248219293,0.6239526419460151,0.6976484837055626
images/sPMNhG1Sehc.004_0216.jpg,sPMNhG1Sehc.004.mp4,0.6328894967980592,0.7804396326111367,0.6230755757393874,0.6950502125844296,0.4790098010303502
images/1cqwKxx6GF8.004_0217.jpg,1cqwKxx6GF8.004.mp4,0.5217534067513256,0.5580550994383404,0.5763425122280924,0.61734655791453,0.721907897238399
images/dJlEHhyij5k.000_0218.jpg,dJlEHhyij5k.000.mp4,0.47534964382202155,0.5537660386562973,0.5839733217979869,0.6241905791948951,0.6644976964446538
images/jZDlFzVUZwY.005_0219.jpg,jZDlFzVUZwY.005.mp4,0.5403221582270552,0.6101926930988063,0.5971216863143911,0.6414547342955674,0.6366919276297562
images/uf_sIIw4zxY.005_0220.jpg,uf_sIIw4zxY.005.mp4,0.548119407289339,0.6384492992751509,0.5807557315674704,0.6364313038551856,0.6412948910586364
images/MZkDsB04kt8.000_0221.jpg,MZkDsB04kt8.000.mp4,0.6123460909401047,0.6587054192624788,0.642882381822148,0.6898725877386516,0.5819086555769534
images/L5kpy0SA7os.003_0222.jpg,L5kpy0SA7os.003.mp4,0.5914214280953405,0.6344538495507144,0.6219361680975399,0.6768567295525085,0.6383261931812777
images/sntohi33U5s.000_0223.jpg,sntohi33U5s.000.mp4,0.6213307693264626,0.5908917874860389,0.6465967360426392,0.6633789326023996,0.646627022933825
images/pOtWKOF07iU.004_0224.jpg,pOtWKOF07iU.004.mp4,0.562990187467773,0.6526925558603998,0.6340984598766586,0.7108786453893428,0.5951119610763018
images/NI-tZF3gfes.002_0225.jpg,NI-tZF3gfes.002.mp4,0.5528671657247777,0.6390567946113979,0.5967268158833969,0.6525600167083268,0.6238235768841659
images/V2nvyZB-JNM.002_0226.jpg,V2nvyZB-JNM.002.mp4,0.504023917556199,0.5975034601124443,0.541404919652744,0.5996677977833421,0.7150289618024791
images/oqXx6ipHfUE.005_0227.jpg,oqXx6ipHfUE.005.mp4,0.5441264151331431,0.6225182482560673,0.5911180006280002,0.6504859234554641,0.6535589444149179
images/GTmHSF6vNWc.002_0228.jpg,GTmHSF6vNWc.002.mp4,0.581257747775729,0.6350010121106165,0.6094983738124882,0.658748185053063,0.6342246708272868
images/KahSwziq8F0.000_0229.jpg,KahSwziq8F0.000.mp4,0.654237033360159,0.6801870676019555,0.6137847789250558,0.642647613229699,0.6067307310808012
images/_G3kw9HwCqY.002_0230.jpg,_G3kw9HwCqY.002.mp4,0.5846184523001294,0.6052827773269027,0.6168899150326485,0.6410656128891679,0.6351918687529219
images/dLaqub4BEsA.002_0231.jpg,dLaqub4BEsA.002.mp4,0.5454607433838738,0.6226204110708151,0.5649348575182286,0.6232668990119548,0.6895323195586631
images/8dVcA5J1Dcw.000_0232.jpg,8dVcA5J1Dcw.000.mp4,0.5279620686050259,0.6149741024778812,0.5546732088594863,0.6129882748388571,0.6960659727129728
images/F0_EI_X5JVk.005_0233.jpg,F0_EI_X5JVk.005.mp4,0.4984175231901895,0.6401117582949923,0.5412683865957874,0.6209122503960516,0.6751648788503439
images/LuLUAwn0aWU.005_0234.jpg,LuLUAwn0aWU.005.mp4,0.44356503898554556,0.5946289934080277,0.5345745047949966,0.6140911569140556,0.6944518457108168
images/4JjpfL4y3XM.001_0235.jpg,4JjpfL4y3XM.001.mp4,0.4506580226394241,0.6075404520474653,0.5668100532424409,0.6627068847453691,0.6632966153223616
images/ly_0m16694Q.003_0236.jpg,ly_0m16694Q.003.mp4,0.6339302306909286,0.6463233934633814,0.6267849785444011,0.6698433422512811,0.642052716002732
images/eqXrUXW4yHY.003_0237.jpg,eqXrUXW4yHY.003.mp4,0.4797326549365065,0.618982088012785,0.5614146667644674,0.6461529445684769,0.667772887315496
images/d9_YDJdF-7I.000_0238.jpg,d9_YDJdF-7I.000.mp4,0.5762655902914394,0.6746462565033674,0.5992897813912815,0.6708618390089616,0.6151796560428142
images/W0Ay5uul8j0.002_0239.jpg,W0Ay5uul8j0.002.mp4,0.582897615152204,0.5954236298774659,0.5924336481433642,0.612934937917007,0.6769396230834519
images/tvKUJujTUEo.005_0240.jpg,tvKUJujTUEo.005.mp4,0.5578139846146108,0.6776617093591996,0.5652584861216688,0.629270974001478,0.6247195981162036
images/44rxmXiga90.003_0241.jpg,44rxmXiga90.003.mp4,0.5011345937569448,0.5891970044991521,0.5504380022061763,0.6209054671074428,0.7317573755722755
images/4JYmE9a21aI.004_0242.jpg,4JYmE9a21aI.004.mp4,0.5079148765470334,0.6408747969054946,0.5691515083799604,0.6525693947481616,0.6520564806467011
images/vJDx6TCX32M.001_0243.jpg,vJDx6TCX32M.001.mp4,0.5119148570670289,0.6014311475171369,0.5735237123611886,0.6546233974569022,0.7094077459673354
images/erJNMcO69Eo.002_0244.jpg,erJNMcO69Eo.002.mp4,0.6150711392043531,0.6347298236305612,0.6557850025722011,0.6924522028538053,0.5887832969599944
images/VugKq4gOi50.004_0245.jpg,VugKq4gOi50.004.mp4,0.5807507258717423,0.6546226843583511,0.6447941349479589,0.7211813578431648,0.5967221557808501
images/-c2HtptBFxY.002_0246.jpg,-c2HtptBFxY.002.mp4,0.5628025040668752,0.6070615978881242,0.6180313585070355,0.662105480374485,0.6376601674110999
images/xrxAyO8pKUo.002_0247.jpg,xrxAyO8pKUo.002.mp4,0.5415806323913517,0.6223388324912077,0.5983474684072865,0.6729169565565968,0.6650400830573316
images/VIhStXxpAr0.001_0248.jpg,VIhStXxpAr0.001.mp4,0.6420235710972975,0.6465549466218412,0.6348975456404471,0.6664324684705835,0.6213390493643572
images/NXG4n1pr4Ok.001_0249.jpg,NXG4n1pr4Ok.001.mp4,0.5083723603361316,0.5941891011497084,0.5783385624042756,0.6489671936391931,0.6937040257478411
images/fhUGU2uiS1U.004_0250.jpg,fhUGU2uiS1U.004.mp4,0.5583859707367408,0.6555626535294534,0.6274208809526478,0.7074694214975722,0.5997052584941487
images/SEELGB_-uWU.005_0251.jpg,SEELGB_-uWU.005.mp4,0.4968571814473687,0.6510942968091836,0.5637410748102651,0.6543385115372738,0.6422336778517027
images/vMtF0akNUK4.002_0252.jpg,vMtF0akNUK4.002.mp4,0.52888024125451,0.6352674158782843,0.5887691162874401,0.6759248283763563,0.6633980722873376
images/9RfE2-aTvaM.001_0253.jpg,9RfE2-aTvaM.001.mp4,0.4911257448792065,0.5762895621872748,0.5711399772801542,0.6329315892484562,0.6985238121619717
images/F4UeAogUMMs.002_0254.jpg,F4UeAogUMMs.002.mp4,0.5135310456035497,0.6274864782549673,0.5361306736720393,0.599927213024184,0.6942770363253811
images/OWZ-qVZG14A.000_0255.jpg,OWZ-qVZG14A.000.mp4,0.4611492210510918,0.6085117837880059,0.5547409736690725,0.6463517579513207,0.6835024860288064
images/44rxmXiga90.002_0256.jpg,44rxmXiga90.002.mp4,0.415535312046531,0.5940543452678722,0.5720219248582539,0.6761524967906207,0.6508172233607816
images/Qu81v9Aybv4.005_0257.jpg,Qu81v9Aybv4.005.mp4,0.5587903719785076,0.6762811803861731,0.6022485060107006,0.6810085849780856,0.6001571517749263
images/vqLtOsoNPnU.002_0258.jpg,vqLtOsoNPnU.002.mp4,0.5578759257690938,0.6400564174070623,0.5511834788212938,0.6150969514936314,0.7037757069126782
images/4lyKh2_xCDQ.003_0259.jpg,4lyKh2_xCDQ.003.mp4,0.5327361908635935,0.6467293220452545,0.6060555827396453,0.678143145853717,0.6017368690983446
images/WfCSCxADlrg.002_0260.jpg,WfCSCxADlrg.002.mp4,0.4708522801459809,0.6031377529127161,0.5170429642784297,0.5974028869892635,0.7373681852874742
images/OMHlfDF99Mw.000_0261.jpg,OMHlfDF99Mw.000.mp4,0.6040846886886941,0.5268048131919545,0.6430238738240629,0.6173752400445113,0.6665414753143727
images/EjhDyc8Oc6k.003_0262.jpg,EjhDyc8Oc6k.003.mp4,0.560775556363097,0.6047940516290008,0.6529753024648709,0.6955029530287038,0.5881280910732766
images/1izSTcQI7H4.004_0263.jpg,1izSTcQI7H4.004.mp4,0.5692410597423854,0.6490312998522869,0.5891590558034188,0.6496859669073167,0.6444431876902508
images/_ZAqTHlu2ts.004_0264.jpg,_ZAqTHlu2ts.004.mp4,0.5435931119420858,0.6671207661063832,0.5389557891915735,0.6141790170445565,0.6795505222599997
images/pHCPbKprJGY.001_0265.jpg,pHCPbKprJGY.001.mp4,0.4677599359502832,0.6071178756492458,0.5016674579551125,0.5813651183954444,0.747813710550014
images/4ICb270oLpE.000_0266.jpg,4ICb270oLpE.000.mp4,0.5641430562699342,0.6616880824056443,0.6156383571378652,0.6958618566332785,0.6131152258962941
images/y7MEVu2nyes.001_0267.jpg,y7MEVu2nyes.001.mp4,0.6550151749447247,0.6555068518712777,0.6011365872920056,0.6016975882578132,0.6194464219199707
images/Tad9Q9OFjJw.002_0268.jpg,Tad9Q9OFjJw.002.mp4,0.6001182180763195,0.6776800161834079,0.6112330004686148,0.6571808160509409,0.5801698710380265
images/isqmQc9AfBc.005_0269.jpg,isqmQc9AfBc.005.mp4,0.5878092680091888,0.5727204757987789,0.6573770492503316,0.667623857576971,0.6123213324792292
images/H8h4fAGgV18.001_0270.jpg,H8h4fAGgV18.001.mp4,0.5199047600026648,0.5872347392658226,0.5896471497778063,0.6549044064466332,0.6935146186229995
images/Zvdh8ym1Yrg.004_0271.jpg,Zvdh8ym1Yrg.004.mp4,0.6015777759688432,0.6236784047255243,0.6308267247267217,0.6761652065393066,0.6393767961661986
images/6CRet5sD6xI.003_0272.jpg,6CRet5sD6xI.003.mp4,0.5693731168198665,0.6362560486409874,0.5910102803102609,0.6490115708997991,0.6582455062102378
images/A0braVJH3Pw.004_0273.jpg,A0braVJH3Pw.004.mp4,0.44845877990343774,0.5684763939160504,0.5323607861252261,0.6065506609611054,0.736124103026447
images/-Gl98Jn45Fs.000_0274.jpg,-Gl98Jn45Fs.000.mp4,0.5687154654376989,0.6541874195544963,0.5739974266825282,0.6188579212359563,0.6318185895740733
images/e2pnS_nT9rA.001_0275.jpg,e2pnS_nT9rA.001.mp4,0.5815564481128613,0.6468185868304889,0.5622150883068275,0.609093634260535,0.6775742849021151
images/m04e9ylCoK0.000_0276.jpg,m04e9ylCoK0.000.mp4,0.5713718822520117,0.5670910474809526,0.5636717491840636,0.5807713832782877,0.7432972211365243
images/NDC375coN1o.005_0277.jpg,NDC375coN1o.005.mp4,0.5725629944993756,0.49880143487336354,0.6146360683616705,0.5869578204341279,0.711482455409478
images/GWOtluILlk4.002_0278.jpg,GWOtluILlk4.002.mp4,0.5664660940837181,0.6456644748427813,0.6192067278124939,0.6881490750564717,0.6183327483581889
images/nkmYbzMmrYw.003_0279.jpg,nkmYbzMmrYw.003.mp4,0.7495795701880658,0.6313851381980893,0.6810020165549163,0.633417666169742,0.5776526765888
images/ZO5JoyVTat8.001_0280.jpg,ZO5JoyVTat8.001.mp4,0.5235112229201114,0.6714803254464181,0.5732871939856963,0.6585805280164534,0.6183818975862543
images/Vd9biSOZ5CI.002_0281.jpg,Vd9biSOZ5CI.002.mp4,0.5930344524726381,0.669986198086747,0.62925127144056,0.7072816068532584,0.610290925820922
images/D3AomvNhR1k.003_0282.jpg,D3AomvNhR1k.003.mp4,0.5344684064654808,0.6543832605962563,0.5781551320996661,0.653042443512413,0.6346615180005833
images/rwinPicu_aw.001_0283.jpg,rwinPicu_aw.001.mp4,0.5466946312318048,0.6355941438870614,0.5475647460671825,0.6110580547805755,0.7025808253854979
images/J6RHl6U6Jcw.000_0284.jpg,J6RHl6U6Jcw.000.mp4,0.5012425644052368,0.5465705858377302,0.545537472393606,0.5779083357897248,0.7459587602459149
images/8mZZlnbmOYE.004_0285.jpg,8mZZlnbmOYE.004.mp4,0.529076571893777,0.5869299819937397,0.595785947149383,0.6449391159200866,0.670357200953005
images/JoQRNgGQCgY.003_0286.jpg,JoQRNgGQCgY.003.mp4,0.4911340529568943,0.6638073968584959,0.5515429805157521,0.6439452775340375,0.6353573171514239
images/PReOtefm17s.005_0287.jpg,PReOtefm17s.005.mp4,0.4441970991811065,0.6150513909312166,0.49189610661789285,0.5770102724295488,0.7307411399474862
images/MrfJ1qDJAwo.001_0288.jpg,MrfJ1qDJAwo.001.mp4,0.49043545851480785,0.6197686048357449,0.5828170355582477,0.6741922272674116,0.6595007685911206
images/OugdInDyt9s.005_0289.jpg,OugdInDyt9s.005.mp4,0.463984144719038,0.6102680225295942,0.525305298063167,0.6111045795513231,0.7155468749589561
images/TSGpD2NBeCQ.002_0290.jpg,TSGpD2NBeCQ.002.mp4,0.5149773688192999,0.567803711938883,0.5499968803902946,0.5833921682627462,0.723236172555389
images/btcCanysQsw.001_0291.jpg,btcCanysQsw.001.mp4,0.5385548589863229,0.6063772661053672,0.6199053949997363,0.6823300465892965,0.6378320174357371
images/UWVOT3YPQH4.001_0292.jpg,UWVOT3YPQH4.001.mp4,0.5870612514106998,0.6173045838905913,0.6503894625110817,0.715446223903083,0.6372163111591285
images/kDP6_hiBR0o.002_0293.jpg,kDP6_hiBR0o.002.mp4,0.6274929967790145,0.6228014198644944,0.5782113557763177,0.6077297089352557,0.7178368933269783
images/fEZrAGQoh_g.000_0294.jpg,fEZrAGQoh_g.000.mp4,0.5374371479793297,0.6470506574757886,0.5923792164611172,0.6680611145447573,0.6312074497288539
images/X1EjfXX3NTk.000_0295.jpg,X1EjfXX3NTk.000.mp4,0.5727934174760405,0.6962873642907907,0.5334187647846176,0.5779728235328945,0.6253521298836294
images/2mgj9ncREyA.005_0296.jpg,2mgj9ncREyA.005.mp4,0.5201500403535658,0.5988471935719469,0.5878388295795325,0.6434044068045851,0.6625508606367805
images/EiXQ9RErt6c.005_0297.jpg,EiXQ9RErt6c.005.mp4,0.47877509751549585,0.5965267501939041,0.5682846184329599,0.6405230917379183,0.6730149722638118
images/YjXUMygVw7U.005_0298.jpg,YjXUMygVw7U.005.mp4,0.43780955564189156,0.5871728477315566,0.590698403535499,0.6792173110720386,0.6362923073919322
images/2WuhWF4fAOQ.003_0299.jpg,2WuhWF4fAOQ.003.mp4,0.6603758349962627,0.5972584571189767,0.6482283419235058,0.6372596405803,0.6344069991967712
images/7GRC7XjGzX8.001_0300.jpg,7GRC7XjGzX8.001.mp4,0.6053603399719101,0.5670261668962331,0.7260795144220858,0.7231359915770987,0.5251414165094958
images/bRoIrXBO9DU.000_0301.jpg,bRoIrXBO9DU.000.mp4,0.5929032067102331,0.6036612735142682,0.6097612551243521,0.6227823487056241,0.6393226353923871
images/VM409fZmJE0.000_0302.jpg,VM409fZmJE0.000.mp4,0.5153484260646435,0.5806757301751673,0.5677757076894011,0.6066609033682199,0.6873127593158467
images/fBMKlYUjA9E.000_0303.jpg,fBMKlYUjA9E.000.mp4,0.5218985911100611,0.6330851974368932,0.5991550404431858,0.6862577729025869,0.644474632783557
images/c7tczvW3_dQ.000_0304.jpg,c7tczvW3_dQ.000.mp4,0.6083355504057331,0.6300009711069072,0.6490956856342824,0.6994202941921882,0.6195782341148751
images/p5v75vAZ7F0.005_0305.jpg,p5v75vAZ7F0.005.mp4,0.4720590526671784,0.6054518625404164,0.5278692212752385,0.6060395591580843,0.7166191425016362
images/ncmnmmmWEpU.000_0306.jpg,ncmnmmmWEpU.000.mp4,0.5773320457887108,0.629272212452584,0.5974203620268537,0.6537044715597855,0.6667512621417846
images/oYiWW-Qc0rs.002_0307.jpg,oYiWW-Qc0rs.002.mp4,0.5313336465808014,0.6348005103240821,0.6062170171353294,0.6877720473367862,0.6338494271640465
images/fTpemcfElxI.004_0308.jpg,fTpemcfElxI.004.mp4,0.6802159927384548,0.5935306713700541,0.650452843470561,0.6221295243593049,0.6321868325260683
images/dQOeQYWIgm8.000_0309.jpg,dQOeQYWIgm8.000.mp4,0.5398155814333577,0.6316542048189552,0.5852955178104138,0.6571205547865748,0.6620326566232554
images/CFK8ib0aWe8.000_0310.jpg,CFK8ib0aWe8.000.mp4,0.5568134475099134,0.6515765810772504,0.580383505870249,0.6422251045554506,0.6405647032463604
images/KIJ9IYETe38.001_0311.jpg,KIJ9IYETe38.001.mp4,0.5748540318241819,0.6253269107406617,0.6131559022908427,0.6589261767358804,0.6317535565465783
images/AZj2VoCcayA.005_0312.jpg,AZj2VoCcayA.005.mp4,0.38947352709346694,0.5797961154993384,0.5093630528148637,0.605920302919542,0.718799693906313
images/3JAFkk42zPs.004_0313.jpg,3JAFkk42zPs.004.mp4,0.45796328385937224,0.5658398061735408,0.49747237889897566,0.5745346330498812,0.8038452916915968
images/XfK7WZ3skUM.001_0314.jpg,XfK7WZ3skUM.001.mp4,0.5335277468411882,0.6138621246103986,0.6027332670744125,0.6813387250853723,0.6697045262722131
images/QuwVzi2tQrQ.005_0315.jpg,QuwVzi2tQrQ.005.mp4,0.5422969429130131,0.629673930126259,0.5754974251452726,0.6502922746506031,0.6862137629151969
images/bMY2DaFFwzU.004_0316.jpg,bMY2DaFFwzU.004.mp4,0.4572370134782415,0.5900362625292876,0.5353244050016738,0.6163228708561601,0.7184800757149512
images/gM_KAA-ejJA.005_0317.jpg,gM_KAA-ejJA.005.mp4,0.6023731222801463,0.6718565864079045,0.6452285897394546,0.7133055291135878,0.5799297874190361
images/bLrrDM1Opu0.003_0318.jpg,bLrrDM1Opu0.003.mp4,0.5313239194670509,0.6268824396751125,0.6251478195859358,0.6988936135028337,0.6078267241612303
images/ZNJFmNiWC4I.003_0319.jpg,ZNJFmNiWC4I.003.mp4,0.6087288716449892,0.6349569282862924,0.647107909623139,0.701608594188544,0.6215210732021419
images/9_6auSk_wkY.000_0320.jpg,9_6auSk_wkY.000.mp4,0.6295999024718798,0.7469418119994229,0.6148090298090134,0.6860048987828471,0.5386751134795024
images/hnMp0eX28es.001_0321.jpg,hnMp0eX28es.001.mp4,0.5587734608335723,0.6517937956478039,0.5760547031006613,0.6319469909183216,0.6390519469881333
images/6WSr4IW6cNI.003_0322.jpg,6WSr4IW6cNI.003.mp4,0.4638724757142779,0.5847497125362353,0.546260395352133,0.6243687948824862,0.7146294612978734
images/cOirMOCpdo8.003_0323.jpg,cOirMOCpdo8.003.mp4,0.5081635745285409,0.5972499695544703,0.596267128431258,0.6580601760269853,0.6497282616731065
images/_YYBXI2mXv4.000_0324.jpg,_YYBXI2mXv4.000.mp4,0.6013262936855038,0.6575482254803859,0.6028030164853329,0.6706026208130534,0.659753206366933
images/DLuwObrDhtc.001_0325.jpg,DLuwObrDhtc.001.mp4,0.5592752960614374,0.6239879075513451,0.5913755171104532,0.6406603922383937,0.6520357260736116
images/P0ZzjnS8E24.000_0326.jpg,P0ZzjnS8E24.000.mp4,0.5446571359538701,0.6289702749419709,0.5640919652768984,0.636426517259869,0.7018917205559185
images/UANQntvIqVk.000_0327.jpg,UANQntvIqVk.000.mp4,0.5460737418191416,0.6235953914842344,0.5740258098063057,0.6303805287190388,0.6729300054539985
images/SCnQFpdklMg.001_0328.jpg,SCnQFpdklMg.001.mp4,0.5173728822568522,0.6656745704638745,0.5987629587280948,0.6915667153631474,0.5972477427543788
images/9Crw2RtrBcY.003_0329.jpg,9Crw2RtrBcY.003.mp4,0.6017742031297384,0.7344361145452742,0.5880201792605962,0.6554874230224337,0.5582580927947005
images/iGBVrJMr62U.000_0330.jpg,iGBVrJMr62U.000.mp4,0.2786105324081111,0.5426865708703233,0.4150069273451392,0.5263693925606299,0.8065594271504998
images/JxxF9y61ujA.005_0331.jpg,JxxF9y61ujA.005.mp4,0.5211039773755394,0.675608198025058,0.5554985368870213,0.6375287088203277,0.6285726516684467
images/sDWJMBZ1mVA.002_0332.jpg,sDWJMBZ1mVA.002.mp4,0.5359468204361526,0.5939802522777953,0.634364411304795,0.6965039389584454,0.6340711370157398
images/HP8f3oqJwz0.002_0333.jpg,HP8f3oqJwz0.002.mp4,0.5391476879777137,0.6144573105287316,0.5891436935774852,0.6543748677988013,0.6727670068688745
images/pOBn7AuGIuI.003_0334.jpg,pOBn7AuGIuI.003.mp4,0.5836589621375381,0.541971531140354,0.7421734165814639,0.7418513611592158,0.5222309612774542
images/W4tz3plvvKI.003_0335.jpg,W4tz3plvvKI.003.mp4,0.5916495217391121,0.7261741490150749,0.5614042452751699,0.6304267712764662,0.5992282735561391
images/VTrqCDYHVqU.001_0336.jpg,VTrqCDYHVqU.001.mp4,0.4407197456365038,0.6102985579325019,0.5733531961225817,0.66893893332966,0.6381206642611184
images/qBG1mjC7Zgg.005_0337.jpg,qBG1mjC7Zgg.005.mp4,0.518232369638403,0.6251000792829502,0.5648687170984668,0.6411801861157403,0.6834001215848388
images/Zi7QHI_5ipU.005_0338.jpg,Zi7QHI_5ipU.005.mp4,0.5421726815680032,0.6495399108813059,0.6144468861789605,0.6950508022156686,0.6098495055563444
images/dmycfNpiWCE.002_0339.jpg,dmycfNpiWCE.002.mp4,0.4088469228893813,0.6008527840992793,0.5080233165069774,0.5998193942284198,0.701569297824837
images/sDfU1gixDmM.000_0340.jpg,sDfU1gixDmM.000.mp4,0.6240828136727412,0.6395286832056426,0.6187327564255135,0.6575505082742545,0.6461587114967741
images/gUyH1qvbOZA.005_0341.jpg,gUyH1qvbOZA.005.mp4,0.5852172669558737,0.6223328006050077,0.5955406013777922,0.6480816830893897,0.6832961383896227
images/ZIk7N-xHvF4.003_0342.jpg,ZIk7N-xHvF4.003.mp4,0.6015564461303886,0.655971453896505,0.5867912930074832,0.6220667167943692,0.6332250042946967
images/FM5UaJS-bhg.000_0343.jpg,FM5UaJS-bhg.000.mp4,0.41098648746999855,0.6007984347275697,0.493311238646273,0.5866675784240031,0.7269160263369303
images/GyLjVOVPGKQ.005_0344.jpg,GyLjVOVPGKQ.005.mp4,0.5225875299183466,0.5891798998282907,0.623983599020363,0.676933076385917,0.6264268239628773
images/9Crw2RtrBcY.002_0345.jpg,9Crw2RtrBcY.002.mp4,0.6038340525867184,0.7428074392444932,0.584144060031833,0.6522249726232953,0.553645779589664
images/Pkgi4--hwfo.005_0346.jpg,Pkgi4--hwfo.005.mp4,0.5190936219749972,0.6552993646666796,0.6476039182373198,0.7444415352820023,0.5544155378696911
images/lvae9lRUugE.005_0347.jpg,lvae9lRUugE.005.mp4,0.4967311378707677,0.6316349437663286,0.5758819164107095,0.6592566142443235,0.6446916469330649
images/jpPZVmzleAo.001_0348.jpg,jpPZVmzleAo.001.mp4,0.5561839959517915,0.6771009982154185,0.5893085843427688,0.6660094047501458,0.6105507253321674
images/isqmQc9AfBc.001_0349.jpg,isqmQc9AfBc.001.mp4,0.5791563783812874,0.5764568559247627,0.6606382522186084,0.6755072307332631,0.5994277057967404
images/XLV7teADu3c.002_0350.jpg,XLV7teADu3c.002.mp4,0.5328698690626528,0.6604381147153559,0.5450365500181094,0.6175368263054019,0.6653082397022494
images/0tse0Fsy_rg.002_0351.jpg,0tse0Fsy_rg.002.mp4,0.584955755914381,0.6358056288893433,0.5930143741416415,0.6514995119210131,0.6745850968480676
images/xgRqkTXmZko.000_0352.jpg,xgRqkTXmZko.000.mp4,0.5227629419152778,0.5760216075906377,0.6016984343430622,0.6457043249705254,0.6641949163292644
images/7nhJXn9PI0I.004_0353.jpg,7nhJXn9PI0I.004.mp4,0.6208186053383822,0.5933957239639247,0.64379633393027,0.6688157868639629,0.6589931059152827
images/Ahiq4zhmYco.002_0354.jpg,Ahiq4zhmYco.002.mp4,0.5845889743734756,0.58532325819166,0.6045684226973573,0.625560382468553,0.6788470337261063
images/59Smv7wl--w.005_0355.jpg,59Smv7wl--w.005.mp4,0.5668230587107841,0.691873636964225,0.5804020048696712,0.651981460827443,0.6033712191501681
images/ZiKxJbVI5_g.004_0356.jpg,ZiKxJbVI5_g.004.mp4,0.5317564327989863,0.6371215135497401,0.5801423144268558,0.6518436630015837,0.6511798684656829
images/13XlKeC_p3U.001_0357.jpg,13XlKeC_p3U.001.mp4,0.6240232097910753,0.6454111121362305,0.6539477377692343,0.7026801299658715,0.6035978664404169
images/9J-KIPMQmqk.005_0358.jpg,9J-KIPMQmqk.005.mp4,0.6645505498731352,0.7225489340423197,0.6011333770105831,0.6443935342291552,0.5915049751923929
images/uMCRfie1lkc.001_0359.jpg,uMCRfie1lkc.001.mp4,0.5146824300486895,0.6158567723266136,0.5770883934286467,0.6419319923121786,0.658967946344833
images/I01_ubtktEQ.005_0360.jpg,I01_ubtktEQ.005.mp4,0.4313184165390145,0.5665623655077312,0.5070113086610885,0.5790792843969169,0.7515129582861865
images/GMwEmLo-gfc.000_0361.jpg,GMwEmLo-gfc.000.mp4,0.46912503537882283,0.6236989996575941,0.5102865414944533,0.5901994238452519,0.7114589067333916
images/NI-tZF3gfes.003_0362.jpg,NI-tZF3gfes.003.mp4,0.5343561832786581,0.6057319888486596,0.5897910209163707,0.6388118220446144,0.6545907386800816
images/f39E4ct09Cc.000_0363.jpg,f39E4ct09Cc.000.mp4,0.5808739517506366,0.5941764738571697,0.6494356627587439,0.6994436162142835,0.6444786619734325
images/K-fMyzPB7FI.005_0364.jpg,K-fMyzPB7FI.005.mp4,0.4590115758661635,0.6021185078057529,0.4883776594358298,0.5634479788570005,0.756933253780652
images/dDi6vy-OZRg.003_0365.jpg,dDi6vy-OZRg.003.mp4,0.5030542516360832,0.592774415198689,0.5710987754228529,0.630206939177273,0.6817021399880101
images/wYixHjntI-4.002_0366.jpg,wYixHjntI-4.002.mp4,0.5457695441904812,0.6663255321916598,0.6039339190942485,0.6926940494127417,0.6147490864789534
images/YN0Xd70SqEo.004_0367.jpg,YN0Xd70SqEo.004.mp4,0.4668400156549781,0.6268249348781795,0.5762536947173167,0.6645333690212173,0.6258442391131731
images/ua5c716lu5s.003_0368.jpg,ua5c716lu5s.003.mp4,0.5224695233675757,0.6111569209870471,0.6122934788749895,0.673570320712215,0.6208136294220085
images/KfurkMyjD-c.004_0369.jpg,KfurkMyjD-c.004.mp4,0.47448282780693235,0.5845385423327901,0.5356324546363793,0.600431641252647,0.7205827981304471
images/pQy4omHIf7o.003_0370.jpg,pQy4omHIf7o.003.mp4,0.5650046009657503,0.5816432200796203,0.6167981114914872,0.6546117563984349,0.6723013250058936
images/jlDYn537Pd0.001_0371.jpg,jlDYn537Pd0.001.mp4,0.5603599562724243,0.6633343803211393,0.5891543701935711,0.6686035030741482,0.6416680725176215
images/-zNyDPzId4E.003_0372.jpg,-zNyDPzId4E.003.mp4,0.5196049523226467,0.6040956463118544,0.5522463864830461,0.6266361741380654,0.7326951744747061
images/8aLr0vNobr4.001_0373.jpg,8aLr0vNobr4.001.mp4,0.4446882946750433,0.6114872308860229,0.5733550051049401,0.6684778881934199,0.6399787983192344
images/qsb1j9bEENs.002_0374.jpg,qsb1j9bEENs.002.mp4,0.4935193057886958,0.6369840301458447,0.5605756800648691,0.6510806461279647,0.665070790311828
images/gAWA-fcIa_M.004_0375.jpg,gAWA-fcIa_M.004.mp4,0.5474037867063581,0.6074517142537844,0.5813947664542709,0.6221233270117916,0.6651265103327213
images/2TMl5EMrdVI.005_0376.jpg,2TMl5EMrdVI.005.mp4,0.44484064690918723,0.5854285243559263,0.537046640972648,0.615786739822048,0.7058229635141143
images/UANQntvIqVk.004_0377.jpg,UANQntvIqVk.004.mp4,0.563724135389123,0.6271849794710967,0.5930230568844914,0.6451194997321964,0.6541163290413403
images/u2XbiBuuxyI.001_0378.jpg,u2XbiBuuxyI.001.mp4,0.5369713928511667,0.6104817495537705,0.5449065743043264,0.5914001741881072,0.7081591592112079
images/fiVORaERbP0.002_0379.jpg,fiVORaERbP0.002.mp4,0.4754659063484791,0.5842786298806896,0.5089484794123139,0.5610201607709724,0.7388990026346383
images/ApPnsnIZozw.004_0380.jpg,ApPnsnIZozw.004.mp4,0.4687986769345619,0.6218853502851817,0.5245376859030875,0.6108601979404081,0.704391303828979
images/VsY6jAlvb9o.000_0381.jpg,VsY6jAlvb9o.000.mp4,0.48670141367493447,0.6252770824557552,0.552011654882565,0.6243117043558586,0.6589878483592755
images/0zJcYnsh55g.003_0382.jpg,0zJcYnsh55g.003.mp4,0.4766374635617601,0.65868776097582,0.586656442996018,0.6931261544160648,0.6007241195299298
images/KHQJhOzdrYo.004_0383.jpg,KHQJhOzdrYo.004.mp4,0.5882518371617474,0.695663515527067,0.5899394115179619,0.6446202552706972,0.5815731322223976
images/NG8qWulkRM4.001_0384.jpg,NG8qWulkRM4.001.mp4,0.5097100516961167,0.6414377501017859,0.530372500267665,0.6120687120460236,0.7041693312297954
images/l-WgXcGLdZk.002_0385.jpg,l-WgXcGLdZk.002.mp4,0.5794431325398153,0.6073174508208683,0.6016328836442044,0.6354548231571711,0.6625238406652438
images/7UQt8QB3cQY.002_0386.jpg,7UQt8QB3cQY.002.mp4,0.4810928682458062,0.5524466381716788,0.5050877481175005,0.5478953500070595,0.7864170907274888
images/iOB65zCiOFM.003_0387.jpg,iOB65zCiOFM.003.mp4,0.5885026863427334,0.7018229116693414,0.5887558982781583,0.6694254488400924,0.614918004103139
images/ld7mBR4v3yU.001_0388.jpg,ld7mBR4v3yU.001.mp4,0.5324611475940125,0.6771266307328287,0.550686351149609,0.6284969663917152,0.6390029320337897
images/be0DQawtVkE.001_0389.jpg,be0DQawtVkE.001.mp4,0.41667661054957045,0.5859695798634034,0.5646497177754393,0.6633412911640824,0.6665229160131331
images/jOTlJwOBSd4.003_0390.jpg,jOTlJwOBSd4.003.mp4,0.49236485211209524,0.626254958196878,0.5476237910416706,0.6320656551026546,0.6891887160284051
images/6zm71IHOCZA.000_0391.jpg,6zm71IHOCZA.000.mp4,0.5885983869338497,0.7269373542075661,0.5965301525966505,0.6650689997413501,0.5451683315767613
images/Bt5zyk-Xf9Q.000_0392.jpg,Bt5zyk-Xf9Q.000.mp4,0.5158537138274532,0.6205321570643406,0.5440953681961164,0.6198171822871602,0.7158314232216813
images/EffEoI1l1zE.001_0393.jpg,EffEoI1l1zE.001.mp4,0.5382941916810835,0.6437307835853058,0.6023091049946614,0.6662681605963383,0.6051311526910227
images/b39BQbVhOAg.004_0394.jpg,b39BQbVhOAg.004.mp4,0.5680407626810497,0.6488358592392143,0.6532813930320579,0.7239239403794417,0.5705960437472585
images/kV7MFI2_ddo.005_0395.jpg,kV7MFI2_ddo.005.mp4,0.5989989433179328,0.6625188254143236,0.6159264134333414,0.6802129817764372,0.6254896274112752
images/voSLxKtKr0Q.005_0396.jpg,voSLxKtKr0Q.005.mp4,0.4632183418338167,0.6070205904399426,0.5303879793187428,0.6167326724924787,0.7136168007379899
images/fsaslN7xV-w.002_0397.jpg,fsaslN7xV-w.002.mp4,0.5646177813837913,0.6515051156392249,0.601493302585311,0.6780324660803705,0.6435638762117397
images/eD4b8sM-Tpw.004_0398.jpg,eD4b8sM-Tpw.004.mp4,0.5407257760693479,0.5676473537938007,0.5573413673210831,0.5711720208040242,0.711403238789227
images/GQczMGrVgbc.000_0399.jpg,GQczMGrVgbc.000.mp4,0.5168556395064983,0.6307265898468593,0.5741017310763966,0.6590610427504222,0.6738381170472197
images/naAGy30bnwA.005_0400.jpg,naAGy30bnwA.005.mp4,0.5972920601703712,0.6224205019929849,0.639293994525192,0.680975136916448,0.6190127864961676
images/taSAaWKcmTw.005_0401.jpg,taSAaWKcmTw.005.mp4,0.49136505714416395,0.6148543544353036,0.582704029289235,0.6697687675677692,0.6616744261590097
images/3hKgh9AB3tk.005_0402.jpg,3hKgh9AB3tk.005.mp4,0.5969862265838948,0.5642544941565396,0.6293889823741635,0.6305907218117711,0.6605818430478758
images/UKHSKkb0V1o.003_0403.jpg,UKHSKkb0V1o.003.mp4,0.5925617517108649,0.6626546562874377,0.5950089954668183,0.6463429330975499,0.6264669795365294
images/X1EjfXX3NTk.004_0404.jpg,X1EjfXX3NTk.004.mp4,0.5674553378707097,0.6985934043142374,0.5295122445086563,0.5758645971044929,0.6239236183423094
images/LvpUVPQKWcQ.005_0405.jpg,LvpUVPQKWcQ.005.mp4,0.5166697612021312,0.5701324028701047,0.574581329302816,0.6120839625802798,0.6939111548136994
images/90p68AEmNMA.000_0406.jpg,90p68AEmNMA.000.mp4,0.5056126150233669,0.6041757185704707,0.574550399638068,0.6520067212285914,0.690745675325847
images/a5tVPpLsaGc.003_0407.jpg,a5tVPpLsaGc.003.mp4,0.5061655583670343,0.6426816223749039,0.5882988845890565,0.6662698461039502,0.6120741195793108
images/hOXvRgxjfik.003_0408.jpg,hOXvRgxjfik.003.mp4,0.6030062085301289,0.6505715543515995,0.5824837830092061,0.6122903933662911,0.6407008748381475
images/ndLtwmvPpr8.003_0409.jpg,ndLtwmvPpr8.003.mp4,0.555775358981609,0.6182834183774636,0.5584444051218445,0.6226874958585268,0.7263977910522639
images/ZqbJIM7rmO8.005_0410.jpg,ZqbJIM7rmO8.005.mp4,0.5306578450499371,0.6680620984104859,0.5506999983498033,0.6239932300650552,0.6441559616822927
images/cvHqtadNJDo.004_0411.jpg,cvHqtadNJDo.004.mp4,0.5248555324423332,0.6288021601659743,0.6241805097818011,0.7169556390106505,0.6289317008338235
images/4kIHxR6s1L4.001_0412.jpg,4kIHxR6s1L4.001.mp4,0.5866606688294361,0.6207199124497795,0.6494246183343392,0.6999905535461788,0.6097619825308561
images/BBSB9OJdb0Q.001_0413.jpg,BBSB9OJdb0Q.001.mp4,0.49427018668276945,0.5890301958772743,0.5121399492199047,0.5793973467049587,0.7722393847988058
images/THO-md3eEkA.000_0414.jpg,THO-md3eEkA.000.mp4,0.601813727288635,0.6759558460732851,0.599480953925493,0.6625168356155602,0.6281798970500238
images/6N02tjYPLh8.000_0415.jpg,6N02tjYPLh8.000.mp4,0.5671718230672126,0.5811554293467586,0.6248496006616052,0.6573086129409845,0.6558495361677449
images/oYiWW-Qc0rs.005_0416.jpg,oYiWW-Qc0rs.005.mp4,0.5455956795026348,0.6478369972945136,0.6066600158383982,0.6854702055034352,0.6243150254635773
images/shAhNNV-zHA.001_0417.jpg,shAhNNV-zHA.001.mp4,0.5523446364225623,0.56733201048462,0.5898245944369713,0.6067675481142971,0.684967287937961
images/xbAb00tGeBQ.000_0418.jpg,xbAb00tGeBQ.000.mp4,0.5783666696214955,0.6316901833717062,0.6030176610867582,0.649092088172497,0.6401323612112297
images/LKBoLbWHJYI.002_0419.jpg,LKBoLbWHJYI.002.mp4,0.5623905773020905,0.6169137390949276,0.5847334700945963,0.6256672770218946,0.6627117842206853
images/U9cidDFDTQE.004_0420.jpg,U9cidDFDTQE.004.mp4,0.6025927371863111,0.6426210561032261,0.6495494609976048,0.7116041995914211,0.6110113209647051
images/z82YEuBU8mA.003_0421.jpg,z82YEuBU8mA.003.mp4,0.5148210048842713,0.6389034808141391,0.5908240286713669,0.6623058186860882,0.614079130188346
images/C_NtwmmF2Ys.003_0422.jpg,C_NtwmmF2Ys.003.mp4,0.5304481645976495,0.6419942281699447,0.6130390034133398,0.6883740979883327,0.6021504318205384
images/jPpZkVzQywk.000_0423.jpg,jPpZkVzQywk.000.mp4,0.5259138837278262,0.6211788860194623,0.5363074089671143,0.597305433208979,0.7136069028795872
images/4lH5nLSwmoM.003_0424.jpg,4lH5nLSwmoM.003.mp4,0.6331108841224241,0.6173395481063935,0.6142146836469288,0.6240925155386912,0.6518933877198637
images/f4rQJiW6oSk.004_0425.jpg,f4rQJiW6oSk.004.mp4,0.47363757727986483,0.6097258345567532,0.5487186592467815,0.6187571873016664,0.6698505585752241
images/6oL9yyc9iJc.001_0426.jpg,6oL9yyc9iJc.001.mp4,0.5275384232137346,0.671104612793479,0.6040524206182798,0.6919109684747635,0.5849582935011517
images/rTG9gtci67c.002_0427.jpg,rTG9gtci67c.002.mp4,0.5640164398074579,0.6216584208387472,0.5837218248943667,0.6147482703253707,0.6427312101498363
images/M_OpMKBEOyU.002_0428.jpg,M_OpMKBEOyU.002.mp4,0.5357983495049737,0.6283363848880026,0.6195223558475126,0.6884157034236336,0.6106587132630392
images/qVcw5-mm31s.005_0429.jpg,qVcw5-mm31s.005.mp4,0.5771435216743116,0.6783526865864212,0.6435087332789872,0.7090966015570157,0.5395635811333419
images/uwUkp63db18.004_0430.jpg,uwUkp63db18.004.mp4,0.5901673395628589,0.576377266774317,0.5889802893526566,0.6092384596288365,0.7197572819208153
images/hfUH9Am-Izs.000_0431.jpg,hfUH9Am-Izs.000.mp4,0.6274444851655527,0.6520380555251029,0.6534718133830355,0.6970194802623869,0.5893953689808923
images/IXVf5VWxOAg.002_0432.jpg,IXVf5VWxOAg.002.mp4,0.4811167062651215,0.6068433828921401,0.5536437985431328,0.6195956796374911,0.6696053250362968
images/SxRNdq2nGN0.002_0433.jpg,SxRNdq2nGN0.002.mp4,0.5912895781060374,0.5766729981077785,0.6058588066448971,0.6227904818114088,0.6919168934709455
images/1hpZ2ecWqtI.003_0434.jpg,1hpZ2ecWqtI.003.mp4,0.5505493193396747,0.6480886995225242,0.5760812124860861,0.6384381031667009,0.6457976910803204
images/kUv0BJQmKq0.001_0435.jpg,kUv0BJQmKq0.001.mp4,0.6244449699039931,0.6237020103473379,0.6414436373121869,0.6653042017146449,0.6164686972807901
images/gAWA-fcIa_M.003_0436.jpg,gAWA-fcIa_M.003.mp4,0.5465907605510381,0.6079519443471717,0.5814609904497623,0.6224496766043499,0.6637363332354188
images/ArMkA9R1QxY.000_0437.jpg,ArMkA9R1QxY.000.mp4,0.5099862369166167,0.6124370330130932,0.6103802661293174,0.6770017208934646,0.6157939946165845
images/LXmwDq89LdA.002_0438.jpg,LXmwDq89LdA.002.mp4,0.4636654332567598,0.6491196139380976,0.5759569224987808,0.6702869204482588,0.5968545601304117
images/Jhz5ssCKaug.003_0439.jpg,Jhz5ssCKaug.003.mp4,0.4739401516258812,0.6080279325323243,0.5839645742453285,0.6745550767719148,0.6566344698948487
images/hsXn0N8bAYs.005_0440.jpg,hsXn0N8bAYs.005.mp4,0.5884283996598277,0.6451380638247918,0.6177156180823111,0.6830570307757631,0.6403252139679125
images/8AnIttmflwI.002_0441.jpg,8AnIttmflwI.002.mp4,0.5084437912591037,0.6186756980085044,0.5713428618361962,0.6364589886886889,0.6558955974947519
images/XcEFSi3uaJM.000_0442.jpg,XcEFSi3uaJM.000.mp4,0.6033737328615114,0.6105102457155421,0.5971887251408877,0.6030994034746193,0.6464407868924003
images/117jrwvl2Nc.000_0443.jpg,117jrwvl2Nc.000.mp4,0.5543343088073713,0.668610362093463,0.5825959639533721,0.6543352528670088,0.6233546920594976
images/LsqAIHhFpLE.002_0444.jpg,LsqAIHhFpLE.002.mp4,0.25000162600789805,0.524999005209945,0.41000092914737035,0.5249995859270514,0.815
images/VnUkBYQkJms.003_0445.jpg,VnUkBYQkJms.003.mp4,0.6493493383371315,0.6989614538677479,0.5914245368901068,0.6430163412102213,0.638377157278609
images/Z_STuUHKQTg.004_0446.jpg,Z_STuUHKQTg.004.mp4,0.5499921609128937,0.6484992046938028,0.6087389263386696,0.6817996218485002,0.6162432406108609
images/osqQpQsJNPQ.000_0447.jpg,osqQpQsJNPQ.000.mp4,0.5769904381875343,0.5621183591465165,0.626078548495246,0.6288025635591253,0.6483534552016087
images/bnoPmV0_aIc.000_0448.jpg,bnoPmV0_aIc.000.mp4,0.5888262777813426,0.6351621589629387,0.5949431099732073,0.6251949187541255,0.6325618279372631
images/pOtWKOF07iU.002_0449.jpg,pOtWKOF07iU.002.mp4,0.5700566672685717,0.6463021046852084,0.63919566839687,0.712346034433186,0.6004255575742886
images/XLKNGnpTO9k.005_0450.jpg,XLKNGnpTO9k.005.mp4,0.5408860853709817,0.6469596782735557,0.5957317403606169,0.6707213047663346,0.6294952507272216
images/f39E4ct09Cc.005_0451.jpg,f39E4ct09Cc.005.mp4,0.5925091625472328,0.6121323790565649,0.6497114532907929,0.7001257541046289,0.6293969494922113
images/EknEAPhAjdA.002_0452.jpg,EknEAPhAjdA.002.mp4,0.4662265877642433,0.5874132901050312,0.5114108952238896,0.5870701089085639,0.7574519694211934
images/_fFmEyvWgfA.004_0453.jpg,_fFmEyvWgfA.004.mp4,0.5221608405888651,0.649557747618559,0.6323596469056978,0.7144436872494911,0.5647244155564779
images/KnbEca4Ibwk.000_0454.jpg,KnbEca4Ibwk.000.mp4,0.518152093796548,0.6266110034449835,0.5521785033649287,0.6167297166425937,0.6798631882730509
images/_7s27dUoYVg.000_0455.jpg,_7s27dUoYVg.000.mp4,0.5739271360733128,0.631129791414337,0.6580104008943549,0.7263149291905238,0.5950560049231208
images/YygvfVxOWP8.000_0456.jpg,YygvfVxOWP8.000.mp4,0.6145318238945405,0.6600235389767215,0.6118556336070262,0.6465776885315302,0.6058117681539262
images/-VTqcHNgH7M.003_0457.jpg,-VTqcHNgH7M.003.mp4,0.509102620681393,0.5964458373999516,0.5705614577709867,0.6329567132267004,0.6886167546157409
images/n_4vw3RKaog.002_0458.jpg,n_4vw3RKaog.002.mp4,0.4922937370869341,0.6534702750395869,0.5405551067118906,0.6294363060152173,0.6627337766164785
images/omQ5CGXJKS8.002_0459.jpg,omQ5CGXJKS8.002.mp4,0.49516744397889045,0.5957264111664488,0.5226491101014363,0.5965683515001822,0.7586162657556901
images/Q0C0OU-j4DA.001_0460.jpg,Q0C0OU-j4DA.001.mp4,0.6392287566449207,0.6413088451270568,0.5878881862825347,0.6059331503033424,0.670198798666145
images/K-iwJMxjyx4.005_0461.jpg,K-iwJMxjyx4.005.mp4,0.4561278762015091,0.5677039374879632,0.49366462325556587,0.5656200348560037,0.7960323057150517
images/fbjDmltKVOM.000_0462.jpg,fbjDmltKVOM.000.mp4,0.5922341623950232,0.6488498360659144,0.6031114599888219,0.666918499612071,0.6565408979033303
images/kwcpINU9LLk.004_0463.jpg,kwcpINU9LLk.004.mp4,0.47557614218977656,0.6047339925231354,0.5386483637126888,0.6142970638291796,0.7027847297756145
images/iiW_nu6JITY.005_0464.jpg,iiW_nu6JITY.005.mp4,0.4785350323443531,0.6166928565975383,0.6229322937194905,0.715376701950342,0.5970354529873839
images/nClvfVFYzbM.000_0465.jpg,nClvfVFYzbM.000.mp4,0.46709996307695834,0.571591896695895,0.5633790650742521,0.62468739736451,0.6888746557626336
images/qoZwA4ESb7g.003_0466.jpg,qoZwA4ESb7g.003.mp4,0.3481442848861282,0.5511171021462212,0.4542930300312743,0.543421866171472,0.7820947724702837
images/2TbU3Eg2i4A.003_0467.jpg,2TbU3Eg2i4A.003.mp4,0.578289156555964,0.6201192637876578,0.5619688537426388,0.6065003175089613,0.7128398717795688
images/oCb9DK3M1DU.000_0468.jpg,oCb9DK3M1DU.000.mp4,0.5061195637859425,0.6336072340386127,0.5650784411920596,0.6503894146638078,0.6701876742302838
images/okl467xvgOw.001_0469.jpg,okl467xvgOw.001.mp4,0.5258780362498483,0.6626503033085565,0.5762474362146366,0.6554005553086616,0.6212230697696169
images/nfN9qJSVank.003_0470.jpg,nfN9qJSVank.003.mp4,0.5874397172758018,0.5454073186847963,0.6580209331194988,0.6417795085324627,0.6123908547211604
images/1jC4vsQsjwM.002_0471.jpg,1jC4vsQsjwM.002.mp4,0.6385540908243298,0.6901427693433111,0.6371658940596772,0.7013454480708259,0.596861671194128
images/zMXIf66PPhU.002_0472.jpg,zMXIf66PPhU.002.mp4,0.47472118970945654,0.5376528514707466,0.5374850724030187,0.5785916173496849,0.755134480577321
images/pOtWKOF07iU.003_0473.jpg,pOtWKOF07iU.003.mp4,0.5726584868355451,0.6624533278582299,0.6340726271567168,0.71002571137971,0.5892740056708611
images/y6sy0HBe-Zs.000_0474.jpg,y6sy0HBe-Zs.000.mp4,0.6047367149800558,0.5767261020498599,0.6106295845893085,0.6164147581986513,0.6827447029891126
images/lNY0BdE4NqY.000_0475.jpg,lNY0BdE4NqY.000.mp4,0.5512855593704701,0.6542787948831356,0.6519271686418991,0.7270720890047491,0.5520467988860166
images/6JfSPPVUgIg.005_0476.jpg,6JfSPPVUgIg.005.mp4,0.5916825087432784,0.601735499589364,0.5791043337024397,0.6077440092168317,0.7081819517773635
images/UcyjGGEBn30.005_0477.jpg,UcyjGGEBn30.005.mp4,0.5983446670989707,0.6990156613491044,0.5925470471758861,0.6668257047867459,0.6150768162484298
images/wm94g-5Cg5s.004_0478.jpg,wm94g-5Cg5s.004.mp4,0.5309708137399186,0.6457514005079142,0.5593606741046768,0.6343476960672864,0.6705905255155817
images/evrzg3Pzyc0.002_0479.jpg,evrzg3Pzyc0.002.mp4,0.6687470706298653,0.5137230269752306,0.7049376600285953,0.6519416077506291,0.6312779842310532
images/UOvgGSx9k_k.003_0480.jpg,UOvgGSx9k_k.003.mp4,0.5148977743523715,0.6026518051681427,0.5763831809903229,0.6512912445114692,0.6971044881392496
images/sNs4yCA11wk.001_0481.jpg,sNs4yCA11wk.001.mp4,0.46407625134904196,0.6149867029676038,0.5976409345351804,0.6903691343215657,0.6189563169363295
images/-IK--4uz5ZY.003_0482.jpg,-IK--4uz5ZY.003.mp4,0.5131034800211811,0.6153990288309327,0.5468487189914416,0.611507444035583,0.6994961848692531
images/3df_Uk9EmwU.000_0483.jpg,3df_Uk9EmwU.000.mp4,0.5516351436518047,0.6817847175112933,0.6311133173966327,0.7244588484899602,0.5664571131593654
images/3HA2W1s4oP8.000_0484.jpg,3HA2W1s4oP8.000.mp4,0.4912451854337097,0.5517969137649366,0.5361209098842847,0.5731390869811369,0.7467676062654197
images/hG0I7DLSSYg.001_0485.jpg,hG0I7DLSSYg.001.mp4,0.5474685605400607,0.682006551591939,0.5912985347516133,0.6744616978952097,0.6004069461659255
images/OACoHiwOdXQ.002_0486.jpg,OACoHiwOdXQ.002.mp4,0.5343595261460069,0.6716347854050699,0.5927109981110013,0.681648421009661,0.6092504223824132
images/xLfLuyIQOJE.005_0487.jpg,xLfLuyIQOJE.005.mp4,0.5590435471970875,0.595331622015138,0.6064764530169777,0.646748002114953,0.6620275310436812
images/udn-L92wdn8.000_0488.jpg,udn-L92wdn8.000.mp4,0.5362780939232744,0.631314722224178,0.5181246797615815,0.5719868674318775,0.7230881957647829
images/5KHOpRCxnwQ.005_0489.jpg,5KHOpRCxnwQ.005.mp4,0.6692630482215531,0.5965161352812726,0.6347993344250336,0.6203327576735439,0.6587045771548923
images/cvg03XGFjCk.004_0490.jpg,cvg03XGFjCk.004.mp4,0.6862425174535195,0.6876952413018953,0.6173872223398177,0.6429210958521278,0.6207232025410516
images/9yZEb6bdxNY.004_0491.jpg,9yZEb6bdxNY.004.mp4,0.4928836677394569,0.6168248904889417,0.554280644554051,0.6177135151923278,0.6621595626570562
images/atdhaGEh_0c.000_0492.jpg,atdhaGEh_0c.000.mp4,0.5601798649242622,0.6072740025333534,0.6078995657595834,0.6563902652864555,0.6553868444882912
images/MK7KveAeb6Y.004_0493.jpg,MK7KveAeb6Y.004.mp4,0.585359414987609,0.6726892482010199,0.6068437169528543,0.67869699512236,0.6185192345044306
images/VPFrKx72gvo.002_0494.jpg,VPFrKx72gvo.002.mp4,0.5113780275199894,0.6173201821861332,0.6306533207597335,0.6983935440931517,0.5833195464393102
images/Pn_LNsSsm58.005_0495.jpg,Pn_LNsSsm58.005.mp4,0.5655118309285473,0.7538009970985101,0.5945640752517705,0.6955774609963865,0.5306271420845873
images/ua5c716lu5s.004_0496.jpg,ua5c716lu5s.004.mp4,0.5232126791851018,0.6110835913807944,0.6139121468002934,0.6757544424938845,0.6204239201975509
images/yBMuZWldxLk.001_0497.jpg,yBMuZWldxLk.001.mp4,0.5539522496962371,0.6654669194545907,0.6504027062173235,0.7362202928084328,0.556428345790823
images/QBZieJiOl1w.004_0498.jpg,QBZieJiOl1w.004.mp4,0.5383047727982204,0.6497255401143982,0.600160308689584,0.6807162765130529,0.6248781791966845
images/mBdVuEXRlfQ.001_0499.jpg,mBdVuEXRlfQ.001.mp4,0.4594211600329481,0.6473184681924888,0.5283688917546612,0.6255509929888637,0.6653680027089518
images/0Wr69VD_oXI.004_0500.jpg,0Wr69VD_oXI.004.mp4,0.5206666390513907,0.6742734226546403,0.5723755923505303,0.6542582955205942,0.606581893147665
images/Ff0WqsFl-1s.005_0501.jpg,Ff0WqsFl-1s.005.mp4,0.4979379061315129,0.637067312344977,0.6070380977124505,0.6977485092134591,0.6059039758127787
images/PWAe9M2SxT8.004_0502.jpg,PWAe9M2SxT8.004.mp4,0.6121430102778624,0.6190906857038537,0.6517869938420014,0.690114896928181,0.6184538361321809
images/shEsu57CYnA.003_0503.jpg,shEsu57CYnA.003.mp4,0.5225263540182418,0.6009491432386312,0.6076202208950716,0.6657345580786382,0.6385686158432512
images/0gv5Z0qt2jc.001_0504.jpg,0gv5Z0qt2jc.001.mp4,0.49468626806665117,0.6054632228998637,0.5565197515255944,0.6223112794524113,0.6828744758319674
images/hIFNZ_ycngg.001_0505.jpg,hIFNZ_ycngg.001.mp4,0.5614565693722623,0.6392932232040155,0.6149567689317305,0.6775545512729498,0.6186351916959563
images/CbNAOLHByZQ.004_0506.jpg,CbNAOLHByZQ.004.mp4,0.5356050500610128,0.6603051230154738,0.574621322825847,0.6576344758084979,0.6442933683517047
images/jpbz8CA4RvI.000_0507.jpg,jpbz8CA4RvI.000.mp4,0.6363188267888441,0.5941137220908951,0.6039383312800899,0.6118181007906811,0.7034101438546756
images/J8YpOUmN_aI.001_0508.jpg,J8YpOUmN_aI.001.mp4,0.5515719780030546,0.6527305168139135,0.5601038652888615,0.6387917048449295,0.6876108577769812
images/GMwEmLo-gfc.002_0509.jpg,GMwEmLo-gfc.002.mp4,0.448487831290393,0.6263466129711829,0.49093512461620076,0.5778616903649962,0.7218665942493077
images/m4KKYcD6CZw.003_0510.jpg,m4KKYcD6CZw.003.mp4,0.6196039937664894,0.681483119689247,0.6467140995435439,0.7084188772252409,0.5719734843833948
images/BOOMkDl8JwA.005_0511.jpg,BOOMkDl8JwA.005.mp4,0.532042278437287,0.6379663709110601,0.545598311837901,0.6156546541567944,0.6953796733875153
images/hhdoeK8SsiI.000_0512.jpg,hhdoeK8SsiI.000.mp4,0.6018724365502736,0.6714379047783061,0.5832556134047501,0.6166489481808058,0.6109203469825146
images/FU1ak530DDo.001_0513.jpg,FU1ak530DDo.001.mp4,0.5679601240752976,0.6394439041048249,0.5985249316249609,0.6553649326509046,0.6393777034067649
images/2P1FbMJLUAs.000_0514.jpg,2P1FbMJLUAs.000.mp4,0.5987493637648098,0.6895518974225194,0.5958840942158403,0.6620648910838501,0.6131688230468166
images/dkhnv1EBvKI.001_0515.jpg,dkhnv1EBvKI.001.mp4,0.5463472229518499,0.6368926788416139,0.5659516059550956,0.6389484239215336,0.6897191911947791
images/haxhAfuccuE.000_0516.jpg,haxhAfuccuE.000.mp4,0.5025998044541582,0.6209191915059237,0.6252494962909539,0.7188147220922118,0.6161100740497464
images/3wgZrRMosvY.003_0517.jpg,3wgZrRMosvY.003.mp4,0.6087336768088027,0.6815527822586382,0.6228550182083619,0.690939271480938,0.6027360021317906
images/WATt9OOVZh8.002_0518.jpg,WATt9OOVZh8.002.mp4,0.4877374651399685,0.5901873161153329,0.5827173960699972,0.6476113394113977,0.6615802462454967
images/qyzuaettjU8.001_0519.jpg,qyzuaettjU8.001.mp4,0.527177433748117,0.647224531457567,0.5354143400319249,0.6143681344969211,0.7034028055816839
images/yp-tfq1NxBk.003_0520.jpg,yp-tfq1NxBk.003.mp4,0.5374337555986728,0.607173469630882,0.6089908021013416,0.66324089302425,0.6374994775002089
images/KXUERmhPyr8.005_0521.jpg,KXUERmhPyr8.005.mp4,0.5142872804172299,0.5437096541146219,0.5808169121430264,0.6036128730635133,0.7012253398044358
images/EcOC7ZVRSg4.002_0522.jpg,EcOC7ZVRSg4.002.mp4,0.45909386030998167,0.6272927462351654,0.5579728968131332,0.6555344211366947,0.6563548029173232
images/3LAaFUSGvsU.001_0523.jpg,3LAaFUSGvsU.001.mp4,0.6414838567335512,0.6473407319350398,0.5932599721982615,0.6025110924636651,0.6417899009032648
images/9pGJyf1MXLY.002_0524.jpg,9pGJyf1MXLY.002.mp4,0.5376237227484113,0.689603139012041,0.5932023603401576,0.6861513216939713,0.5900888900848945
images/oU7zAWm_01o.004_0525.jpg,oU7zAWm_01o.004.mp4,0.5702075336224586,0.6666466166951394,0.6123150577366598,0.6876508876876648,0.6089692479848925
images/PyPFJWirPjs.000_0526.jpg,PyPFJWirPjs.000.mp4,0.4773893961668181,0.6304709124055689,0.5267759282129354,0.6120520180847799,0.6957181227719111
images/ztyBhnjtrz0.001_0527.jpg,ztyBhnjtrz0.001.mp4,0.6057549735494125,0.596931266352731,0.6451090178583904,0.6832339320094978,0.6553744106196127
images/6WSr4IW6cNI.000_0528.jpg,6WSr4IW6cNI.000.mp4,0.46575503155316705,0.585586302097868,0.5478005447480645,0.6247349590697175,0.711436246388451
images/05l5bteT_qA.000_0529.jpg,05l5bteT_qA.000.mp4,0.547725909835768,0.613714650906084,0.5931636773115253,0.6562857598018118,0.6746890687711716
images/0gv5Z0qt2jc.005_0530.jpg,0gv5Z0qt2jc.005.mp4,0.46839924061622984,0.5828267851112693,0.5426827513294024,0.6045944262151547,0.7021045051009447
images/k3iu-fhIkeI.002_0531.jpg,k3iu-fhIkeI.002.mp4,0.4914286924977542,0.6074117118466822,0.5618461507226344,0.6440419975326972,0.6946939789556389
images/mnRuiwFx_Z8.005_0532.jpg,mnRuiwFx_Z8.005.mp4,0.631949748189787,0.6988571500953671,0.6297903147289377,0.6843627199846017,0.5704871608268377
images/MuYYY3XaJ7Q.003_0533.jpg,MuYYY3XaJ7Q.003.mp4,0.43667900696610656,0.5995760486304236,0.5072907881574307,0.5928369623713281,0.7261676418805293
images/uRY3aJAaogw.001_0534.jpg,uRY3aJAaogw.001.mp4,0.5658301428121575,0.654084554933911,0.5554487332275808,0.6232099197784574,0.6906889295416206
images/wVpjBxCirAQ.004_0535.jpg,wVpjBxCirAQ.004.mp4,0.5832686835970069,0.6606882548913902,0.6616051646590211,0.7394170161236427,0.5688736972394639
images/UGsr6Vnqf7I.003_0536.jpg,UGsr6Vnqf7I.003.mp4,0.5801871320733927,0.6484380237376316,0.6539564440257768,0.7123975877319191,0.5646715147798841
images/nfEhF5GBQpo.000_0537.jpg,nfEhF5GBQpo.000.mp4,0.5848177734501516,0.6065419882880887,0.5840163534062197,0.6127584043790153,0.686173413936009
images/zT_s9X21gAE.001_0538.jpg,zT_s9X21gAE.001.mp4,0.561691943269776,0.6549262847997078,0.5613571568152065,0.6251061291849832,0.6701497557267654
images/bTLTLzXehPE.003_0539.jpg,bTLTLzXehPE.003.mp4,0.5626769650367767,0.5890263998884968,0.622186507194101,0.6676824258179361,0.6626589167826901
images/RWhyKkFI3zw.001_0540.jpg,RWhyKkFI3zw.001.mp4,0.4934179697943877,0.6449058899374911,0.5661788868969202,0.6595530442911128,0.6491747537617105
images/ana5C73n9bY.004_0541.jpg,ana5C73n9bY.004.mp4,0.5143664066940172,0.6525137329046736,0.5773325526897238,0.6577875898114862,0.6248468499803854
images/dVbo9Ftlyl0.004_0542.jpg,dVbo9Ftlyl0.004.mp4,0.5294169672008403,0.64048490996566,0.5624447653995248,0.6314346823675759,0.663414471580725
images/DzqJmiQjsZ4.005_0543.jpg,DzqJmiQjsZ4.005.mp4,0.606380771624903,0.5537419485190432,0.6098495043653738,0.6139011236956878,0.7194251286458176
images/HhC2cGFFZeY.005_0544.jpg,HhC2cGFFZeY.005.mp4,0.42042380192051104,0.5764772828855558,0.5422053636099999,0.6241846976680266,0.690438761876072
images/dRr2JtdzUpU.005_0545.jpg,dRr2JtdzUpU.005.mp4,0.5848542220662121,0.6194409470887143,0.6797054831874358,0.7145776026187346,0.5429622253539369
images/Cvuu76B-bxA.001_0546.jpg,Cvuu76B-bxA.001.mp4,0.6257730398934496,0.7058544416140927,0.5843124400822673,0.6466882256858892,0.627791974120128
images/HUxtuDE-YNE.004_0547.jpg,HUxtuDE-YNE.004.mp4,0.48687891667547695,0.6362122888135573,0.571599012346059,0.6538134096520143,0.6304045119151763
images/uATtAHyVSMM.002_0548.jpg,uATtAHyVSMM.002.mp4,0.5826000270347088,0.6723963161462007,0.609553208630564,0.6722125885478287,0.5975582247484094
images/DChmTb-c9uM.005_0549.jpg,DChmTb-c9uM.005.mp4,0.41965392604927243,0.5911610497919568,0.5677836098653959,0.6554590248190602,0.6398643744803372
images/KYkfjIZEScM.005_0550.jpg,KYkfjIZEScM.005.mp4,0.44724053180315027,0.589408261732701,0.5180934992594628,0.589978333513511,0.7176114881272787
images/_RAGzfJnpUE.003_0551.jpg,_RAGzfJnpUE.003.mp4,0.47206781404376796,0.5834500890584153,0.4989534320729866,0.5766983853738391,0.7908710070233294
images/OmXuhT4yJpo.005_0552.jpg,OmXuhT4yJpo.005.mp4,0.6106208718784133,0.662184831228066,0.6202687938342504,0.6654938457535895,0.6029624263692707
images/AvuWv3LLmrA.003_0553.jpg,AvuWv3LLmrA.003.mp4,0.5381586336897058,0.5951402751660512,0.6032548249992655,0.6446890065509874,0.6450309922054609
images/XQ3do4LDFv8.003_0554.jpg,XQ3do4LDFv8.003.mp4,0.5392970730345364,0.6027903452911963,0.6629876595080002,0.7157512267470393,0.5693953777492782
images/YPMffqhP0C8.001_0555.jpg,YPMffqhP0C8.001.mp4,0.5278224164540039,0.6140521193337517,0.6015483950847687,0.659857514469142,0.6324381794640827
images/t9wFHk9TM-U.003_0556.jpg,t9wFHk9TM-U.003.mp4,0.37140465391681116,0.5500092031102968,0.5162678282332834,0.6018268398366545,0.7186462130255161
images/cWZudzeJVXg.000_0557.jpg,cWZudzeJVXg.000.mp4,0.5511273902602946,0.6600035189913663,0.5721817825664082,0.651730456782542,0.6602482146418486
images/1S0SxmfbOus.002_0558.jpg,1S0SxmfbOus.002.mp4,0.5266997030757136,0.6873608109413887,0.5714887729003533,0.6659125556650353,0.6137037587282531
images/btcCanysQsw.000_0559.jpg,btcCanysQsw.000.mp4,0.5507633660887894,0.6055865284945748,0.6208513684299347,0.6789703502524956,0.6447434062451253
images/hspeWl-Bip0.003_0560.jpg,hspeWl-Bip0.003.mp4,0.5220179557700001,0.6614443873194561,0.5440249823922825,0.6204736227222177,0.6591223851772234
